# trial, First Instruction, Load 32-bit GDT, Protected Mode Enable, Protected Transition, Paging identity mapping, Load 64-bit GDT, Jump to 64-bit
0, 28, 3010, 6520, 154, 86630, 5726, 216
1, 24, 2506, 2554, 160, 70374, 5588, 224
2, 24, 3254, 3318, 154, 66854, 6784, 224
3, 24, 2662, 2460, 158, 65358, 5650, 226
4, 26, 2710, 2352, 162, 137360, 5986, 248
5, 26, 3760, 2560, 156, 63894, 7262, 224
6, 24, 2750, 2376, 158, 133746, 5540, 222
7, 26, 2568, 2388, 156, 66344, 5574, 210
8, 26, 2994, 2596, 156, 126120, 6068, 222
9, 26, 2504, 2418, 156, 63954, 5484, 224
10, 24, 2542, 3066, 154, 88856, 9048, 228
11, 32, 3750, 3410, 158, 70120, 5784, 226
12, 26, 2540, 2356, 158, 64852, 5474, 212
13, 26, 3712, 2592, 158, 126004, 7218, 214
14, 28, 2498, 2380, 158, 63630, 5498, 212
15, 26, 2506, 2322, 156, 121560, 5466, 222
16, 24, 2946, 2388, 158, 63504, 6104, 222
17, 24, 2472, 2274, 162, 118194, 5564, 226
18, 26, 2504, 2956, 160, 64486, 6720, 224
19, 26, 2662, 2450, 160, 63274, 5658, 224
20, 28, 3102, 2434, 154, 69128, 5588, 226
21, 26, 3702, 2478, 154, 62346, 7174, 222
22, 24, 2494, 2266, 154, 98696, 5584, 214
23, 28, 2546, 2274, 154, 63838, 5496, 224
24, 24, 2948, 2594, 158, 105730, 6084, 222
25, 28, 2472, 2418, 152, 62840, 5472, 212
26, 28, 2526, 2946, 154, 106272, 6822, 224
27, 24, 2596, 2582, 154, 62740, 5720, 248
28, 26, 2510, 2350, 152, 63856, 5430, 226
29, 26, 4144, 2626, 156, 63234, 7204, 212
30, 26, 2492, 2352, 156, 62608, 5554, 224
31, 26, 2494, 2274, 154, 106776, 5486, 248
32, 26, 2762, 2762, 158, 65688, 6092, 222
33, 24, 2458, 2410, 154, 100524, 5472, 228
34, 24, 2492, 2924, 156, 63276, 6712, 226
35, 28, 2624, 2346, 158, 105070, 5628, 228
36, 26, 2506, 2326, 152, 63864, 5486, 226
37, 26, 3704, 2466, 156, 62644, 7200, 226
38, 26, 2688, 2322, 154, 62946, 5550, 224
39, 24, 2564, 2264, 154, 63694, 5540, 238
40, 26, 2950, 2438, 154, 101732, 6066, 216
41, 24, 2484, 2358, 154, 63088, 5458, 226
42, 26, 2538, 3048, 154, 104782, 8086, 226
43, 24, 2660, 2472, 154, 63218, 5736, 224
44, 26, 2530, 2326, 156, 100700, 5514, 226
45, 28, 3710, 2612, 158, 62512, 7194, 226
46, 28, 2492, 2290, 154, 62742, 5514, 224
47, 28, 2626, 2408, 158, 64874, 5432, 226
48, 28, 2982, 2414, 156, 64970, 6066, 224
49, 26, 2466, 2304, 156, 104650, 5594, 226
50, 24, 2506, 2894, 156, 63076, 6744, 224
51, 26, 2610, 2406, 154, 100748, 5680, 226
52, 28, 2534, 2432, 156, 63970, 5480, 226
53, 24, 3718, 2534, 158, 104224, 7236, 224
54, 26, 2542, 2336, 156, 62228, 5504, 224
55, 24, 2488, 2292, 154, 63684, 5492, 224
56, 28, 3210, 2556, 154, 63852, 6054, 228
57, 28, 2484, 2262, 154, 63072, 5454, 224
58, 26, 2520, 2956, 160, 106904, 30930, 246
59, 26, 2524, 2150, 156, 62840, 5492, 220
60, 28, 2526, 2278, 158, 107806, 5526, 216
61, 24, 2924, 2598, 154, 63254, 6050, 222
62, 26, 2472, 2226, 158, 100790, 5508, 222
63, 26, 2512, 3046, 152, 63118, 6714, 224
64, 26, 2588, 2368, 154, 62600, 5626, 224
65, 26, 2666, 2392, 160, 64268, 5458, 224
66, 26, 3726, 2504, 154, 61852, 7168, 214
67, 26, 2482, 2290, 158, 99052, 5582, 216
68, 24, 2484, 2286, 160, 63776, 5442, 222
69, 26, 2944, 2402, 158, 105804, 6056, 224
70, 26, 2484, 2348, 160, 63048, 5488, 220
71, 28, 2548, 2886, 154, 105932, 6806, 230
72, 26, 2620, 2508, 158, 63148, 5646, 216
73, 28, 2500, 2356, 158, 63488, 5446, 226
74, 28, 3970, 2600, 158, 62792, 7186, 224
75, 24, 2500, 2288, 158, 62412, 5478, 224
76, 28, 2554, 2348, 158, 108270, 5448, 224
77, 24, 2880, 2348, 158, 63468, 6054, 226
78, 28, 2496, 2330, 160, 100124, 5518, 224
79, 26, 2500, 2970, 154, 62848, 6800, 250
80, 24, 2634, 2524, 158, 103994, 5650, 224
81, 28, 2496, 2286, 154, 63878, 5458, 224
82, 24, 3720, 2620, 152, 62294, 7192, 224
83, 26, 2652, 2350, 164, 63120, 5616, 222
84, 26, 2484, 2308, 154, 64364, 5476, 224
85, 24, 2924, 2356, 156, 99364, 6066, 214
86, 24, 2472, 2314, 158, 62988, 5458, 224
87, 26, 2536, 2966, 158, 103692, 6730, 224
88, 26, 2594, 2426, 158, 62620, 5596, 222
89, 24, 2506, 2336, 156, 99432, 5450, 222
90, 26, 3726, 2622, 158, 62134, 7214, 224
91, 26, 2500, 2310, 160, 62270, 5500, 222
92, 26, 2654, 2442, 158, 65004, 5520, 212
93, 24, 2908, 2590, 158, 63352, 6022, 224
94, 24, 2458, 2552, 158, 107522, 5486, 226
95, 26, 3718, 2534, 158, 62576, 7170, 226
96, 26, 2488, 2290, 160, 99240, 5554, 224
97, 26, 2568, 2298, 154, 63618, 5466, 224
98, 24, 2894, 2532, 154, 102320, 6078, 228
99, 26, 2490, 2316, 160, 62602, 5480, 222
100, 26, 2538, 2976, 156, 62840, 6740, 224
101, 28, 2716, 2428, 156, 63448, 5620, 224
102, 26, 2498, 2288, 156, 63426, 5474, 226
103, 28, 3694, 2544, 156, 105234, 7206, 226
104, 26, 2540, 2428, 152, 63424, 5538, 224
105, 24, 2546, 2964, 160, 104950, 6774, 236
106, 26, 2578, 2660, 154, 62976, 5660, 226
107, 26, 2482, 2298, 154, 99508, 5640, 244
108, 24, 3706, 2672, 158, 62454, 7190, 224
109, 28, 2504, 2316, 154, 61696, 5514, 224
110, 26, 2612, 2462, 154, 64770, 5474, 222
111, 26, 2926, 2420, 154, 63218, 5998, 228
112, 28, 2468, 2284, 156, 103920, 5580, 224
113, 28, 2534, 2862, 156, 63308, 6756, 226
114, 26, 2570, 2400, 154, 106958, 5668, 216
115, 26, 2474, 2314, 154, 64078, 5480, 224
116, 26, 3744, 2514, 156, 108554, 7212, 222
117, 26, 2508, 2374, 152, 63034, 5530, 224
118, 28, 2534, 2320, 154, 65602, 5478, 226
119, 26, 3360, 2662, 160, 64884, 6082, 226
120, 24, 2482, 2336, 156, 62618, 5522, 212
121, 28, 2570, 2988, 154, 108938, 6758, 224
122, 26, 2578, 2438, 158, 111314, 7038, 248
123, 28, 2512, 2488, 162, 105982, 5524, 228
124, 26, 3006, 2488, 154, 64200, 6104, 214
125, 24, 2490, 2292, 156, 107744, 5578, 214
126, 24, 2496, 2984, 152, 64616, 6792, 212
127, 24, 2594, 2342, 158, 64098, 5606, 216
128, 26, 2802, 2500, 156, 67336, 5492, 224
129, 26, 3828, 2612, 158, 62642, 7236, 214
130, 26, 2524, 2340, 154, 101840, 5896, 226
131, 26, 2544, 2266, 160, 64868, 5508, 224
132, 24, 2954, 2458, 156, 108130, 6052, 232
133, 26, 2490, 2342, 158, 64840, 5504, 224
134, 26, 2548, 3020, 154, 100406, 6738, 224
135, 24, 2576, 2426, 156, 65476, 6062, 226
136, 26, 2492, 2282, 156, 64126, 5580, 212
137, 26, 4170, 2684, 158, 65186, 7492, 216
138, 26, 2512, 2356, 158, 63422, 5556, 224
139, 28, 2510, 2334, 152, 112058, 5534, 216
140, 26, 2918, 2432, 158, 63830, 6000, 224
141, 24, 2492, 2360, 160, 99372, 5522, 222
142, 26, 2514, 3162, 154, 64586, 6762, 226
143, 24, 2622, 2502, 154, 104978, 5716, 214
144, 26, 2482, 2376, 154, 64346, 5486, 212
145, 24, 3746, 2524, 154, 63182, 7192, 222
146, 28, 2694, 2356, 154, 63902, 6020, 222
147, 26, 2588, 2308, 154, 64110, 5448, 224
148, 28, 2928, 2738, 154, 109596, 6008, 216
149, 26, 2480, 2330, 158, 65424, 5488, 224
150, 24, 2604, 2918, 154, 111190, 6816, 224
151, 24, 2578, 2646, 154, 63754, 5604, 226
152, 26, 2476, 2306, 158, 107522, 6068, 210
153, 24, 3740, 2586, 156, 65124, 7474, 226
154, 28, 2490, 2294, 154, 64792, 5520, 222
155, 26, 2722, 2444, 162, 66204, 5470, 222
156, 24, 2954, 2568, 156, 64180, 6026, 228
157, 26, 2470, 2320, 158, 125316, 5600, 224
158, 26, 2508, 3372, 156, 66278, 6720, 222
159, 26, 2584, 2466, 156, 132670, 6350, 226
160, 26, 2488, 2342, 158, 72014, 5640, 224
161, 26, 3738, 2562, 154, 115188, 7224, 224
162, 26, 2502, 2354, 154, 64102, 5548, 226
163, 26, 2496, 2550, 156, 65432, 5472, 224
164, 26, 3094, 2514, 156, 65930, 6218, 224
165, 26, 2552, 2436, 160, 64990, 5798, 224
166, 24, 2500, 2952, 160, 118048, 10030, 216
167, 26, 2742, 2370, 156, 64816, 5562, 212
168, 26, 2568, 2254, 156, 119892, 5516, 224
169, 24, 3760, 2622, 156, 65136, 7214, 226
170, 24, 2526, 2340, 156, 154142, 5580, 222
171, 30, 2490, 2374, 154, 67990, 5472, 224
172, 24, 2958, 2582, 158, 65118, 5964, 222
173, 26, 2746, 2400, 154, 66644, 5488, 226
174, 26, 2534, 2882, 152, 64414, 6764, 226
175, 26, 2578, 2436, 156, 109444, 5634, 230
176, 24, 2460, 2290, 154, 67236, 5466, 222
177, 24, 4108, 2518, 156, 108176, 7376, 214
178, 26, 2520, 2352, 154, 64476, 6706, 230
179, 26, 2526, 2246, 154, 103650, 5840, 224
180, 26, 2932, 2464, 158, 63932, 6008, 226
181, 26, 2494, 2304, 158, 64252, 5610, 222
182, 24, 2652, 3286, 154, 66440, 6842, 224
183, 24, 2766, 2634, 156, 140480, 6088, 226
184, 26, 2544, 2908, 156, 102678, 6834, 226
185, 26, 2654, 2522, 156, 63552, 5654, 226
186, 26, 2666, 2352, 158, 108374, 5484, 222
187, 28, 3750, 2518, 158, 63518, 7208, 222
188, 28, 2530, 2898, 158, 110160, 5582, 228
189, 28, 2656, 3150, 156, 65958, 6788, 226
190, 26, 2612, 2404, 160, 64152, 5664, 222
191, 24, 2606, 2390, 158, 65502, 5450, 224
192, 26, 3788, 2590, 158, 62656, 7328, 216
193, 28, 2484, 2356, 158, 108986, 5572, 212
194, 26, 2534, 2316, 158, 64708, 5522, 214
195, 28, 2918, 2572, 156, 103490, 6096, 214
196, 28, 2502, 2378, 158, 63430, 5526, 214
197, 26, 2516, 2944, 158, 104864, 6830, 214
198, 26, 2644, 2492, 162, 63394, 5776, 226
199, 28, 2500, 2348, 158, 63844, 5522, 226
200, 26, 4040, 2688, 160, 63156, 7280, 240
201, 26, 2498, 2380, 158, 62706, 5554, 248
202, 26, 2484, 2298, 154, 104498, 5484, 222
203, 26, 2906, 2462, 164, 63584, 6008, 224
204, 26, 2476, 2332, 158, 107934, 5552, 226
205, 26, 2526, 2886, 156, 65426, 6734, 222
206, 26, 2570, 2382, 156, 101930, 5688, 224
207, 24, 2478, 2334, 156, 64076, 5510, 212
208, 26, 3768, 2514, 162, 62374, 7214, 222
209, 26, 2678, 2424, 160, 63178, 5576, 224
210, 26, 2512, 2260, 158, 64292, 5534, 214
211, 26, 2918, 2368, 162, 108102, 6146, 238
212, 26, 2478, 2314, 156, 62908, 5604, 244
213, 26, 2530, 2970, 156, 108320, 7006, 224
214, 26, 2610, 2448, 160, 64692, 5630, 226
215, 26, 2482, 2320, 162, 108458, 5708, 226
216, 24, 3788, 2570, 158, 62240, 7216, 222
217, 28, 2574, 2298, 162, 62998, 5544, 224
218, 28, 2626, 2348, 158, 65700, 5470, 224
219, 28, 2944, 2466, 156, 63130, 6022, 228
220, 24, 2482, 2258, 156, 110174, 5690, 214
221, 28, 2538, 2928, 158, 63716, 6752, 222
222, 26, 2560, 2308, 156, 105936, 5642, 224
223, 26, 2520, 2316, 158, 64200, 5454, 224
224, 26, 3824, 2530, 156, 102992, 7216, 222
225, 26, 2494, 2314, 158, 62758, 5574, 214
226, 26, 2478, 2230, 158, 63812, 5474, 224
227, 26, 3324, 2552, 160, 63966, 6026, 226
228, 26, 2488, 2230, 160, 62842, 5534, 222
229, 28, 2514, 2952, 158, 101226, 6730, 226
230, 28, 2570, 2396, 158, 62654, 5674, 226
231, 28, 2466, 2286, 156, 103706, 5596, 224
232, 24, 3734, 2654, 158, 62016, 9382, 224
233, 26, 2510, 2460, 160, 102018, 5580, 212
234, 26, 2548, 2336, 156, 63808, 5456, 224
235, 26, 2950, 2572, 156, 63164, 6012, 224
236, 26, 2578, 2458, 156, 63374, 5530, 222
237, 26, 2552, 2932, 156, 62968, 6796, 224
238, 26, 2566, 2426, 158, 102922, 5746, 226
239, 24, 2522, 2276, 156, 63536, 5504, 224
240, 28, 3746, 2536, 158, 96294, 7254, 214
241, 24, 2486, 2318, 158, 62256, 5552, 226
242, 26, 2508, 2274, 160, 102022, 5548, 230
243, 28, 2942, 2434, 154, 64202, 6002, 228
244, 26, 2474, 2286, 156, 63304, 5558, 226
245, 26, 2744, 3084, 156, 64262, 6752, 224
246, 26, 2718, 2422, 156, 89066, 5604, 212
247, 26, 2532, 2306, 154, 100506, 5450, 214
248, 26, 2962, 2332, 154, 64422, 6176, 224
249, 26, 2480, 2312, 160, 104148, 5532, 224
250, 28, 2516, 2952, 154, 63494, 6734, 224
251, 26, 2590, 2376, 156, 100522, 5686, 228
252, 28, 2482, 2340, 154, 63784, 5498, 246
253, 24, 3772, 2688, 154, 62986, 7288, 248
254, 28, 2610, 2430, 154, 63000, 5516, 226
255, 28, 2558, 2284, 154, 63834, 5446, 226
256, 24, 2954, 2420, 158, 111482, 6314, 222
257, 28, 2494, 2274, 158, 63784, 5486, 222
258, 24, 2504, 2918, 154, 102520, 6798, 212
259, 26, 2646, 2448, 158, 63860, 5632, 214
260, 24, 2474, 2308, 154, 105550, 5568, 228
261, 28, 3814, 2610, 158, 62128, 7208, 222
262, 24, 2508, 2292, 156, 62678, 5546, 344
263, 28, 3240, 2500, 160, 66180, 5514, 224
264, 28, 2930, 2464, 160, 63622, 6096, 228
265, 28, 2708, 2344, 154, 105210, 5822, 226
266, 24, 2694, 2928, 156, 64406, 6742, 224
267, 26, 2846, 2494, 158, 106990, 5704, 222
268, 28, 2488, 2310, 160, 64728, 5482, 222
269, 28, 3762, 2554, 158, 100500, 7236, 226
270, 26, 2516, 2404, 158, 63840, 5640, 214
271, 26, 2550, 2284, 158, 64596, 5500, 226
272, 26, 3260, 2504, 158, 64432, 6250, 226
273, 26, 2506, 2318, 152, 64016, 5496, 224
274, 26, 2512, 2884, 154, 104592, 6776, 232
275, 26, 2552, 2378, 162, 64134, 5650, 222
276, 26, 2484, 2290, 156, 109182, 5552, 212
277, 26, 3734, 2578, 154, 62890, 7198, 222
278, 26, 2518, 2378, 156, 109836, 5564, 224
279, 26, 2566, 2444, 158, 66158, 5508, 224
280, 26, 2946, 2648, 158, 69980, 6330, 226
281, 28, 2898, 2652, 154, 64416, 5522, 212
282, 26, 2548, 3010, 156, 63696, 6786, 226
283, 28, 2540, 2462, 154, 105384, 5918, 224
284, 24, 2548, 2348, 160, 65226, 5518, 228
285, 24, 2930, 2626, 160, 101958, 6030, 222
286, 28, 2546, 2356, 158, 64090, 5740, 224
287, 28, 2706, 3164, 156, 108060, 7080, 220
288, 26, 2574, 2502, 154, 64124, 5794, 212
289, 26, 2530, 2346, 154, 64122, 5460, 224
290, 26, 4032, 2698, 158, 64730, 7318, 226
291, 28, 2658, 2314, 158, 65022, 5536, 224
292, 28, 2596, 2338, 152, 104422, 5512, 212
293, 24, 2950, 2414, 158, 65222, 6232, 344
294, 26, 2668, 2262, 158, 104902, 5494, 210
295, 26, 2512, 3046, 154, 64276, 6730, 226
296, 28, 2574, 2594, 156, 98572, 5702, 226
297, 26, 2488, 2374, 156, 64768, 5574, 224
298, 28, 3764, 2696, 162, 63078, 7422, 222
299, 26, 2594, 2416, 156, 64688, 5716, 226
300, 28, 2516, 2270, 152, 64292, 5482, 226
301, 24, 3022, 2420, 158, 106110, 6068, 224
302, 24, 2516, 2404, 156, 63804, 5908, 224
303, 28, 2506, 2926, 154, 101454, 6844, 224
304, 26, 2600, 2424, 152, 63302, 5678, 228
305, 28, 2478, 2312, 156, 105856, 5534, 228
306, 26, 3856, 2802, 156, 63538, 7204, 226
307, 26, 2502, 2328, 160, 65010, 5668, 224
308, 26, 2774, 2346, 156, 65438, 5452, 222
309, 28, 2658, 2976, 156, 70168, 6924, 232
310, 28, 3076, 2516, 154, 141894, 5532, 216
311, 26, 3886, 2656, 158, 62192, 7146, 226
312, 26, 2506, 2278, 158, 110900, 5508, 226
313, 26, 2528, 2338, 158, 63474, 5510, 226
314, 26, 2922, 2464, 158, 101890, 6110, 224
315, 26, 2484, 2466, 154, 63078, 5582, 224
316, 26, 2512, 2990, 156, 64416, 6738, 246
317, 26, 2778, 2876, 156, 63556, 5776, 224
318, 28, 2492, 2330, 160, 63244, 5474, 226
319, 26, 3708, 2682, 160, 100882, 7170, 224
320, 26, 2518, 2270, 156, 62150, 5582, 222
321, 26, 2520, 2240, 154, 103224, 5500, 228
322, 24, 2904, 2498, 160, 62854, 5980, 226
323, 24, 2478, 2358, 162, 102254, 5594, 230
324, 24, 2540, 2970, 156, 63362, 6720, 226
325, 26, 2598, 2596, 162, 62490, 5596, 226
326, 24, 2826, 2376, 156, 64852, 5556, 232
327, 28, 3802, 2556, 160, 62636, 7280, 246
328, 26, 2490, 2400, 158, 101846, 5608, 214
329, 28, 2512, 2308, 158, 63896, 5474, 226
330, 26, 2940, 2522, 156, 103984, 5966, 210
331, 28, 2506, 2308, 158, 63644, 5482, 224
332, 28, 2522, 2990, 156, 105418, 6756, 222
333, 26, 2584, 2494, 158, 62772, 5624, 222
334, 26, 2518, 2294, 156, 63596, 5498, 226
335, 26, 4076, 2740, 158, 64922, 7160, 222
336, 26, 2492, 2316, 156, 63280, 5508, 226
337, 24, 2616, 2320, 156, 106686, 5550, 214
338, 26, 2910, 2776, 158, 64366, 6698, 248
339, 26, 2464, 2332, 154, 106088, 5496, 214
340, 26, 2520, 3064, 154, 63654, 6726, 224
341, 24, 2580, 2568, 158, 101942, 5598, 224
342, 26, 2568, 2280, 158, 65828, 5524, 222
343, 26, 3744, 2644, 160, 63934, 7166, 226
344, 28, 2608, 3410, 160, 64118, 5582, 230
345, 28, 2504, 2296, 154, 63702, 5458, 214
346, 26, 2640, 2666, 160, 103424, 5590, 224
347, 24, 2526, 2396, 154, 63640, 5464, 224
348, 26, 3728, 2664, 158, 97792, 7138, 224
349, 26, 2494, 2316, 158, 62292, 5528, 224
350, 26, 2548, 2302, 154, 101908, 5592, 226
351, 26, 2894, 2586, 154, 63652, 6010, 214
352, 26, 2474, 2348, 158, 62596, 5478, 224
353, 26, 2762, 3480, 156, 65398, 6722, 224
354, 26, 2568, 2402, 154, 62340, 5564, 226
355, 26, 2492, 2332, 154, 103634, 5546, 224
356, 24, 3746, 2530, 158, 61956, 7186, 214
357, 26, 2506, 2268, 154, 98974, 5606, 226
358, 24, 2568, 2308, 154, 63818, 5540, 224
359, 26, 2936, 2486, 156, 98038, 6020, 224
360, 24, 2484, 2388, 156, 62558, 5508, 222
361, 26, 2514, 2970, 156, 62772, 6704, 224
362, 24, 2740, 2524, 156, 63148, 5570, 226
363, 26, 2490, 2300, 158, 64416, 5526, 226
364, 26, 3804, 2464, 156, 95902, 7164, 226
365, 26, 2498, 2266, 156, 61980, 5544, 226
366, 24, 2506, 2264, 158, 105240, 5584, 212
367, 24, 2866, 2496, 154, 62772, 5952, 222
368, 28, 2518, 2410, 158, 100610, 5598, 224
369, 26, 2510, 2984, 158, 63206, 6716, 224
370, 26, 2532, 2454, 160, 62240, 5608, 224
371, 24, 2708, 2372, 158, 63504, 5486, 216
372, 26, 2870, 3010, 156, 66146, 6052, 226
373, 26, 2544, 2316, 154, 97028, 5532, 210
374, 24, 2506, 2932, 156, 63504, 6792, 226
375, 26, 2592, 2500, 154, 97170, 5686, 224
376, 28, 2510, 2344, 154, 63890, 5468, 224
377, 24, 3746, 2630, 156, 96638, 7270, 244
378, 26, 2492, 2570, 152, 63126, 5478, 224
379, 26, 2510, 2846, 154, 63046, 6738, 224
380, 26, 2820, 2478, 156, 63228, 5588, 226
381, 26, 2482, 2360, 158, 63474, 5470, 222
382, 26, 3716, 2548, 156, 104128, 7166, 214
383, 26, 2520, 2354, 158, 62716, 5564, 226
384, 28, 2478, 2356, 152, 106026, 5526, 226
385, 26, 2954, 2490, 154, 63964, 5956, 224
386, 28, 2474, 2354, 156, 105656, 5512, 222
387, 28, 2510, 2928, 152, 63512, 6708, 224
388, 24, 2614, 2400, 156, 62352, 5600, 224
389, 26, 2730, 2420, 158, 64318, 5532, 222
390, 26, 3886, 2630, 156, 63060, 7094, 224
391, 28, 2512, 2382, 156, 101398, 5604, 224
392, 26, 2480, 2354, 158, 63774, 5510, 224
393, 26, 2920, 2534, 158, 104438, 6000, 242
394, 26, 2492, 2354, 156, 63048, 5522, 224
395, 24, 2552, 3072, 158, 102610, 6758, 224
396, 26, 2548, 2496, 156, 62310, 5574, 222
397, 24, 2510, 2294, 158, 64454, 5574, 222
398, 28, 4124, 2808, 158, 62838, 7152, 226
399, 26, 2574, 2354, 156, 62250, 5566, 214
400, 26, 2504, 2302, 160, 104682, 5492, 224
401, 26, 2898, 2450, 156, 63260, 5994, 224
402, 26, 2478, 2316, 158, 100462, 5506, 214
403, 24, 2510, 3020, 154, 63626, 6712, 226
404, 26, 2572, 2558, 158, 100680, 5594, 216
405, 28, 2484, 2406, 158, 64144, 5670, 246
406, 28, 3752, 2542, 158, 61766, 7134, 226
407, 28, 2636, 2376, 154, 62544, 5534, 224
408, 26, 2510, 2280, 158, 63764, 5470, 224
409, 24, 2912, 2420, 156, 104624, 5968, 226
410, 26, 2496, 2388, 156, 62804, 5498, 222
411, 26, 2556, 2964, 154, 106230, 6730, 222
412, 26, 2572, 2418, 152, 62462, 5642, 226
413, 26, 2496, 2220, 156, 100302, 5530, 228
414, 26, 3820, 2508, 156, 62150, 7128, 210
415, 24, 2490, 2392, 156, 61928, 5542, 224
416, 26, 2690, 2416, 154, 64726, 5516, 224
417, 24, 2902, 2584, 158, 63624, 5998, 214
418, 26, 2496, 2332, 158, 101328, 5488, 224
419, 26, 2518, 2998, 156, 63714, 6708, 224
420, 24, 2546, 2458, 158, 106296, 5566, 214
421, 24, 2534, 2380, 156, 63840, 5484, 224
422, 28, 3724, 2592, 158, 102948, 7122, 216
423, 158, 2668, 2432, 160, 62768, 5618, 224
424, 26, 2576, 2306, 156, 65358, 5450, 222
425, 28, 3106, 2592, 156, 64770, 6052, 212
426, 26, 2506, 2570, 158, 62518, 5484, 216
427, 28, 2524, 2954, 160, 110146, 6750, 222
428, 24, 2576, 2436, 160, 83200, 5694, 218
429, 28, 2694, 2834, 174, 113216, 5504, 222
430, 28, 2918, 2522, 158, 64202, 6048, 226
431, 26, 2496, 2418, 152, 108988, 5470, 226
432, 26, 2528, 3008, 156, 63522, 6746, 224
433, 26, 2582, 2474, 156, 66034, 5578, 212
434, 26, 2620, 2468, 160, 66188, 5520, 224
435, 26, 3806, 2522, 158, 63960, 7180, 228
436, 26, 2478, 2302, 158, 101030, 5566, 224
437, 26, 2902, 2302, 154, 65118, 5532, 224
438, 26, 2880, 2496, 158, 111026, 5998, 226
439, 26, 2524, 2458, 156, 63632, 5464, 220
440, 28, 2582, 2958, 156, 101176, 6894, 224
441, 26, 2632, 2478, 156, 63960, 5768, 224
442, 26, 2472, 2362, 158, 64130, 5886, 212
443, 26, 4240, 3098, 154, 64704, 7186, 224
444, 26, 2542, 2422, 160, 62862, 5568, 214
445, 26, 2586, 2260, 154, 111276, 5670, 226
446, 24, 2932, 2318, 156, 63036, 5988, 234
447, 26, 2554, 2270, 156, 99850, 5532, 226
448, 26, 2568, 2894, 156, 63926, 6756, 212
449, 28, 2558, 2736, 158, 110854, 5644, 212
450, 28, 2512, 2438, 156, 64326, 5514, 212
451, 26, 3718, 2594, 158, 63476, 9456, 226
452, 26, 2748, 2444, 158, 63244, 5544, 224
453, 28, 2544, 2260, 154, 64198, 5484, 224
454, 24, 2912, 2470, 160, 109702, 6020, 224
455, 26, 2508, 2268, 160, 62882, 5518, 222
456, 26, 2526, 2900, 156, 109294, 6764, 228
457, 26, 2558, 2424, 156, 63232, 5604, 226
458, 26, 2506, 2392, 154, 105920, 5530, 222
459, 24, 3718, 2528, 158, 62832, 7142, 222
460, 26, 2518, 2410, 158, 62264, 5918, 224
461, 26, 3160, 2598, 158, 65520, 5512, 224
462, 28, 2930, 2464, 154, 63840, 5934, 232
463, 26, 2512, 2324, 156, 115742, 5678, 226
464, 26, 2536, 2890, 158, 64350, 6908, 228
465, 26, 2868, 2388, 154, 115606, 5648, 224
466, 26, 2538, 2364, 158, 64020, 5494, 226
467, 28, 3738, 2526, 160, 116730, 8390, 222
468, 26, 2532, 2380, 154, 63794, 5922, 230
469, 24, 2576, 2484, 154, 64470, 5818, 222
470, 26, 3184, 2492, 158, 66236, 6406, 224
471, 26, 2492, 2380, 156, 65476, 5546, 220
472, 26, 2564, 3014, 158, 112844, 7426, 248
473, 28, 2568, 2446, 158, 64158, 5622, 226
474, 26, 2668, 2390, 158, 116082, 5538, 214
475, 24, 2918, 2484, 156, 64762, 5972, 220
476, 26, 2476, 2336, 154, 125854, 5724, 222
477, 28, 2506, 3012, 158, 64052, 6736, 226
478, 26, 2548, 2324, 156, 67972, 6034, 222
479, 24, 2684, 2542, 154, 67042, 5560, 228
480, 24, 3734, 2550, 154, 63420, 7178, 224
481, 26, 2506, 2302, 158, 110230, 5782, 214
482, 26, 2586, 2294, 158, 66292, 5516, 226
483, 26, 2996, 2458, 158, 105232, 6308, 240
484, 26, 2522, 2396, 156, 63232, 6026, 366
485, 26, 2514, 3146, 154, 99362, 7068, 232
486, 26, 2594, 2528, 160, 64014, 5596, 224
487, 26, 2522, 2358, 156, 66368, 5604, 210
488, 26, 4404, 2778, 158, 63710, 7156, 224
489, 26, 2534, 2410, 154, 61720, 5530, 230
490, 26, 3180, 3728, 172, 127042, 6798, 228
491, 26, 2566, 2528, 154, 62362, 5732, 222
492, 26, 2500, 2326, 158, 104300, 5508, 228
493, 26, 3686, 2736, 156, 63000, 7150, 224
494, 26, 2498, 2298, 160, 104918, 5538, 228
495, 24, 2536, 2382, 162, 65226, 5526, 256
496, 24, 2828, 2484, 156, 62446, 5882, 230
497, 26, 2534, 2416, 150, 62332, 5350, 216
498, 24, 2502, 2896, 154, 62094, 6514, 218
499, 24, 2516, 2710, 154, 102204, 5542, 218
500, 26, 2416, 2210, 154, 62816, 5332, 220
501, 24, 3678, 2718, 156, 97326, 7032, 218
502, 26, 2434, 2330, 152, 60724, 5668, 216
503, 26, 2432, 2282, 156, 102712, 5448, 208
504, 26, 2854, 2580, 148, 63392, 5820, 216
505, 26, 2434, 2278, 160, 62454, 5338, 216
506, 26, 2736, 3034, 152, 62966, 6564, 216
507, 26, 2524, 2472, 154, 60994, 5442, 220
508, 24, 2434, 2404, 156, 99738, 5678, 208
509, 26, 3604, 2398, 154, 60296, 6976, 218
510, 26, 2454, 2196, 156, 98558, 5324, 218
511, 26, 2402, 2250, 156, 64248, 5272, 218
512, 24, 2838, 2458, 156, 98502, 6006, 220
513, 24, 2396, 2308, 154, 62034, 5596, 208
514, 26, 2402, 2884, 150, 62174, 6536, 220
515, 24, 2656, 2836, 150, 63500, 5414, 218
516, 26, 2540, 2310, 158, 65050, 5516, 218
517, 26, 3616, 2780, 154, 100698, 6958, 220
518, 26, 2398, 2294, 152, 60678, 5578, 216
519, 26, 2442, 2374, 154, 99638, 5290, 220
520, 28, 2848, 2448, 152, 61996, 5798, 218
521, 26, 2390, 2262, 154, 99126, 5462, 218
522, 24, 2454, 2942, 154, 62934, 6742, 220
523, 24, 2796, 2492, 150, 61132, 5420, 218
524, 26, 2460, 2988, 154, 63784, 5366, 210
525, 24, 3594, 2596, 154, 62450, 7176, 220
526, 26, 2400, 2276, 152, 101268, 5484, 220
527, 26, 2414, 2214, 154, 63380, 5580, 218
528, 26, 2950, 2458, 156, 101742, 6226, 210
529, 26, 2404, 2304, 150, 62800, 5342, 222
530, 26, 2422, 3076, 148, 99282, 6578, 218
531, 24, 2470, 2384, 156, 62468, 5382, 208
532, 26, 2420, 2406, 156, 63678, 5442, 218
533, 24, 4102, 2624, 152, 66058, 6890, 218
534, 24, 2398, 2220, 150, 60856, 5328, 220
535, 26, 2478, 2402, 154, 148266, 5462, 240
536, 26, 2970, 2564, 156, 63152, 6024, 244
537, 24, 2434, 2346, 154, 105076, 6402, 224
538, 28, 2470, 2964, 156, 64790, 6944, 224
539, 26, 2562, 2582, 162, 104986, 5782, 224
540, 26, 2450, 2322, 160, 64914, 5428, 224
541, 24, 3718, 2574, 158, 64042, 7166, 226
542, 28, 2868, 2602, 152, 65624, 5536, 214
543, 26, 2600, 2298, 156, 65306, 5520, 226
544, 26, 2928, 2478, 160, 106260, 6084, 230
545, 26, 2460, 2294, 154, 63380, 5446, 226
546, 28, 2476, 3348, 160, 104038, 6804, 252
547, 26, 2530, 2566, 152, 62736, 5822, 236
548, 26, 2474, 2322, 152, 106514, 5558, 244
549, 26, 3694, 2846, 156, 63852, 7278, 222
550, 26, 2498, 2596, 158, 62004, 5822, 226
551, 28, 2930, 2398, 158, 65624, 5408, 222
552, 24, 2926, 2524, 158, 64394, 6268, 224
553, 26, 2814, 3642, 154, 118572, 5694, 222
554, 26, 3802, 2608, 156, 62734, 7172, 226
555, 28, 2518, 2336, 158, 105490, 5482, 222
556, 26, 2534, 3232, 164, 65154, 5532, 226
557, 26, 2844, 2506, 150, 96390, 5904, 216
558, 22, 2428, 2336, 150, 61630, 5348, 216
559, 26, 2458, 3084, 152, 61460, 6534, 218
560, 26, 3058, 2678, 154, 61482, 5518, 218
561, 26, 2404, 2314, 150, 62142, 5354, 220
562, 26, 3618, 2590, 148, 95792, 6988, 218
563, 26, 2430, 2378, 154, 60728, 5334, 218
564, 24, 2482, 2274, 152, 96878, 5404, 216
565, 24, 2846, 2666, 152, 61904, 5830, 216
566, 28, 2426, 2294, 152, 95952, 5414, 218
567, 26, 3682, 2792, 154, 62034, 6994, 218
568, 26, 2426, 2340, 152, 60992, 5392, 218
569, 26, 2646, 2486, 154, 62922, 5366, 206
570, 24, 2836, 2488, 150, 61532, 5844, 218
571, 26, 2448, 2318, 148, 101996, 5402, 218
572, 26, 2446, 2894, 152, 61890, 6518, 216
573, 26, 2496, 2408, 150, 100526, 5446, 216
574, 26, 2418, 2352, 154, 62156, 5312, 206
575, 24, 3632, 2708, 152, 144814, 7222, 226
576, 26, 2498, 2484, 156, 62792, 5554, 214
577, 26, 2516, 2404, 150, 63610, 5442, 224
578, 26, 3402, 2678, 156, 64704, 6082, 226
579, 26, 2492, 2356, 154, 63244, 5536, 222
580, 28, 2542, 2950, 156, 106822, 6750, 212
581, 28, 2582, 2510, 158, 62766, 5880, 210
582, 26, 2506, 2392, 158, 115310, 5454, 222
583, 24, 3726, 2646, 160, 63922, 7178, 224
584, 26, 2520, 2338, 160, 108806, 5488, 212
585, 24, 2868, 2502, 152, 66126, 5440, 224
586, 24, 2886, 2574, 158, 63922, 5988, 224
587, 24, 2614, 2762, 158, 64828, 5488, 222
588, 26, 2542, 3038, 160, 63484, 6728, 224
589, 28, 2566, 2598, 158, 96816, 5594, 226
590, 26, 2482, 2308, 158, 67852, 5490, 222
591, 24, 3818, 2606, 160, 102450, 7172, 226
592, 24, 2494, 2434, 158, 62230, 5556, 228
593, 24, 2526, 2282, 160, 104124, 5570, 226
594, 28, 2922, 2548, 158, 63756, 5998, 226
595, 26, 2452, 2334, 154, 61614, 5376, 206
596, 24, 2674, 3084, 152, 62062, 6568, 218
597, 26, 2508, 2338, 154, 61216, 5450, 218
598, 26, 2416, 2316, 152, 105934, 5358, 208
599, 26, 3618, 2524, 150, 60272, 6998, 218
600, 24, 2434, 2208, 150, 123966, 5456, 208
601, 26, 2458, 2906, 150, 61942, 6514, 218
602, 24, 2514, 2484, 150, 101250, 5442, 216
603, 26, 2436, 2354, 152, 62224, 5318, 216
604, 26, 3616, 2570, 152, 60322, 6982, 220
605, 26, 2556, 2488, 150, 61150, 5376, 216
606, 26, 2450, 2344, 150, 62366, 5348, 216
607, 24, 3054, 2498, 154, 98010, 5860, 206
608, 24, 2404, 2304, 158, 61402, 5322, 216
609, 26, 2464, 2896, 154, 103902, 6550, 218
610, 26, 2554, 2422, 152, 61266, 5482, 218
611, 26, 2416, 2382, 154, 97662, 5352, 220
612, 26, 3628, 2608, 154, 60208, 7010, 216
613, 24, 2442, 2330, 150, 60194, 5392, 206
614, 26, 2832, 2490, 154, 64628, 5450, 224
615, 26, 2944, 2606, 158, 63008, 6050, 224
616, 26, 2492, 2378, 156, 104396, 5526, 226
617, 28, 2550, 2962, 156, 62872, 6732, 224
618, 26, 2598, 2518, 156, 100202, 5612, 224
619, 26, 2530, 2420, 156, 64572, 5482, 224
620, 26, 3728, 2630, 158, 103002, 7190, 230
621, 26, 2506, 2484, 152, 62596, 5514, 226
622, 26, 2560, 2256, 152, 63694, 5550, 226
623, 26, 3242, 2576, 156, 63514, 6062, 226
624, 26, 2472, 2344, 154, 62600, 5554, 224
625, 26, 2572, 2966, 158, 105712, 6878, 254
626, 26, 2566, 2530, 158, 63066, 5578, 224
627, 26, 2512, 2356, 158, 100316, 5530, 212
628, 24, 3832, 2800, 160, 62220, 7156, 226
629, 24, 2544, 2452, 156, 104906, 5554, 226
630, 26, 2520, 2376, 154, 64332, 5580, 226
631, 26, 3172, 2498, 156, 64150, 5992, 226
632, 26, 2660, 2456, 154, 63676, 5552, 212
633, 26, 2460, 2858, 154, 61344, 6524, 220
634, 24, 2474, 2382, 154, 95622, 5502, 206
635, 24, 2404, 2308, 148, 61888, 5302, 206
636, 26, 3634, 2594, 156, 100696, 6994, 204
637, 24, 2448, 2356, 154, 60494, 5354, 218
638, 24, 2416, 2316, 150, 95622, 5332, 206
639, 26, 2832, 2502, 150, 61326, 5878, 216
640, 26, 2426, 2364, 152, 61146, 5350, 218
641, 24, 2572, 3144, 152, 62648, 6566, 218
642, 24, 2478, 2400, 154, 60686, 5492, 216
643, 26, 2436, 2310, 150, 102268, 5356, 216
644, 26, 3682, 2540, 156, 60734, 6952, 216
645, 26, 2434, 2282, 150, 94460, 5436, 220
646, 26, 2448, 2304, 150, 62296, 5370, 208
647, 24, 2834, 2392, 154, 102076, 5864, 222
648, 24, 2410, 2356, 150, 61504, 5348, 220
649, 24, 2494, 2922, 150, 61424, 6534, 220
650, 26, 2714, 2524, 156, 61218, 5514, 220
651, 24, 2412, 2296, 150, 61914, 5304, 216
652, 26, 3618, 2650, 150, 100594, 7984, 218
653, 26, 2476, 2294, 154, 60472, 5368, 216
654, 24, 2458, 2286, 152, 102364, 5336, 206
655, 26, 2854, 2410, 152, 61676, 5830, 222
656, 26, 2502, 2288, 150, 95660, 5416, 210
657, 24, 2452, 2914, 154, 61454, 6562, 218
658, 24, 2522, 2354, 156, 60814, 5512, 208
659, 26, 2490, 2332, 152, 63112, 5416, 208
660, 26, 3672, 2468, 152, 60576, 6972, 216
661, 24, 2456, 2336, 152, 96162, 5430, 218
662, 24, 2442, 3058, 152, 62584, 6560, 218
663, 26, 2542, 2554, 154, 100282, 5492, 216
664, 24, 2422, 2330, 154, 62180, 5360, 204
665, 24, 3630, 2700, 154, 154062, 6680, 220
666, 26, 2442, 2400, 150, 61490, 5358, 218
667, 26, 2444, 2966, 148, 61530, 6528, 218
668, 26, 2690, 2582, 154, 61622, 5450, 208
669, 24, 2422, 2312, 152, 62018, 5328, 220
670, 26, 3622, 2548, 150, 102096, 6988, 216
671, 24, 2468, 2260, 154, 60260, 5388, 218
672, 24, 2464, 2300, 148, 97464, 5362, 210
673, 26, 2844, 2510, 158, 61150, 5822, 216
674, 24, 2428, 2376, 152, 100382, 5414, 220
675, 26, 2438, 3076, 148, 61582, 6516, 218
676, 26, 2478, 2428, 152, 60652, 5422, 216
677, 26, 2580, 2390, 148, 63006, 5312, 218
678, 24, 3622, 2614, 148, 60474, 6978, 220
679, 26, 2440, 2288, 150, 97548, 5428, 210
680, 24, 2442, 2248, 150, 62014, 5362, 220
681, 26, 2860, 2436, 156, 99948, 5876, 222
682, 24, 2442, 2402, 150, 61190, 5350, 216
683, 26, 2488, 2930, 154, 96568, 6544, 218
684, 24, 2498, 2520, 154, 60354, 5476, 206
685, 24, 2440, 2312, 158, 61938, 5278, 216
686, 24, 3898, 2770, 152, 61572, 6966, 216
687, 26, 2460, 2314, 152, 60186, 5408, 218
688, 24, 2452, 2244, 154, 101314, 5364, 218
689, 24, 2834, 2454, 150, 61564, 5880, 222
690, 24, 2464, 2314, 152, 97156, 5394, 208
691, 24, 2458, 2916, 154, 61200, 6566, 220
692, 26, 2604, 2328, 154, 100420, 5594, 220
693, 26, 2442, 2284, 148, 62296, 5322, 218
694, 26, 3608, 2614, 150, 60124, 6974, 216
695, 26, 2628, 2396, 154, 60480, 5394, 216
696, 24, 2476, 2284, 156, 61758, 5314, 220
697, 26, 2844, 2392, 150, 102458, 5854, 210
698, 24, 2436, 2266, 152, 60966, 5346, 220
699, 26, 2444, 2998, 150, 100470, 6566, 218
700, 26, 2500, 2644, 150, 60792, 5446, 218
701, 24, 2406, 2320, 152, 97716, 5358, 218
702, 24, 3614, 2580, 152, 60718, 6942, 218
703, 24, 2464, 2320, 156, 60098, 5362, 218
704, 22, 2520, 2434, 152, 62990, 5286, 218
705, 24, 2910, 2514, 150, 61250, 5828, 216
706, 24, 2420, 2294, 150, 93884, 5382, 218
707, 26, 2462, 2858, 154, 61872, 6534, 220
708, 26, 2492, 2376, 152, 100988, 5448, 216
709, 24, 2420, 2352, 148, 62370, 5348, 220
710, 24, 3676, 2568, 150, 122442, 7022, 220
711, 26, 2392, 2366, 152, 60650, 5382, 218
712, 26, 2464, 2270, 154, 63190, 5366, 218
713, 26, 3004, 2514, 152, 62576, 5870, 216
714, 26, 2380, 2298, 150, 61098, 5368, 224
715, 26, 2400, 2934, 152, 100992, 6566, 220
716, 26, 2484, 2382, 152, 60452, 5436, 216
717, 26, 2418, 2326, 150, 98512, 5316, 216
718, 24, 3674, 2664, 150, 60954, 6958, 216
719, 26, 2438, 2238, 152, 97146, 5412, 216
720, 28, 2452, 2424, 154, 61972, 5316, 220
721, 24, 2852, 2604, 150, 61534, 5870, 206
722, 26, 2504, 2426, 152, 62024, 5344, 220
723, 26, 2454, 2982, 150, 60984, 6528, 218
724, 26, 2504, 2432, 154, 94590, 5554, 226
725, 26, 2410, 2316, 150, 62062, 5362, 244
726, 24, 3694, 2632, 154, 100136, 7004, 218
727, 24, 2432, 2362, 152, 60186, 5338, 218
728, 26, 2484, 2286, 152, 98250, 5360, 206
729, 26, 2842, 2450, 150, 61352, 5806, 220
730, 26, 2440, 2334, 150, 63622, 5352, 214
731, 24, 2598, 3050, 158, 1529974, 7048, 220
732, 24, 2428, 2302, 150, 61396, 5374, 206
733, 26, 2428, 2264, 150, 95746, 5350, 212
734, 26, 2824, 2442, 152, 60982, 5892, 218
735, 24, 2448, 2342, 154, 93940, 5360, 224
736, 26, 2436, 2874, 152, 61690, 6548, 220
737, 24, 2498, 2458, 152, 91604, 5496, 222
738, 24, 2412, 2334, 150, 62230, 5342, 218
739, 26, 3690, 2578, 152, 60292, 6954, 218
740, 26, 2586, 2290, 154, 61466, 5400, 234
741, 26, 2456, 2376, 156, 62208, 5344, 216
742, 26, 2842, 2488, 152, 94478, 5818, 220
743, 24, 2432, 2262, 154, 61430, 5352, 218
744, 24, 2434, 2872, 152, 99540, 6556, 220
745, 26, 2542, 2452, 152, 60766, 5456, 220
746, 26, 2428, 2302, 150, 96024, 5360, 214
747, 24, 3712, 2548, 150, 60752, 6996, 220
748, 26, 2488, 2320, 154, 60552, 5338, 206
749, 26, 2546, 2360, 150, 63252, 5306, 216
750, 24, 2844, 2426, 150, 61176, 5816, 218
751, 26, 2484, 2282, 148, 96304, 5368, 206
752, 24, 2454, 2800, 150, 61328, 6540, 216
753, 26, 2544, 2390, 152, 95216, 5534, 204
754, 24, 2398, 2354, 150, 62496, 5358, 210
755, 26, 3682, 2546, 154, 96610, 6946, 208
756, 28, 2432, 2306, 152, 61200, 5380, 220
757, 24, 2460, 3072, 154, 63164, 6558, 220
758, 28, 2580, 2550, 150, 61658, 5466, 220
759, 28, 2446, 2316, 150, 62282, 5382, 206
760, 26, 3692, 2494, 150, 99060, 7006, 220
761, 24, 2436, 2236, 154, 60684, 5390, 216
762, 26, 2438, 2324, 152, 98282, 5400, 222
763, 26, 2850, 2504, 154, 61692, 5860, 216
764, 26, 2424, 2250, 154, 97442, 5356, 220
765, 26, 2442, 2968, 154, 61640, 6522, 218
766, 24, 2524, 2456, 152, 60678, 5464, 210
767, 24, 2586, 2414, 154, 62570, 5298, 218
768, 24, 3610, 2684, 154, 60866, 6994, 216
769, 24, 2416, 2308, 150, 96622, 5380, 218
770, 26, 2448, 2260, 154, 61856, 5310, 220
771, 26, 2824, 2400, 150, 96780, 5862, 222
772, 24, 2408, 2290, 154, 61420, 5346, 216
773, 26, 2444, 2980, 152, 97506, 6564, 216
774, 24, 2532, 2382, 154, 61084, 5436, 222
775, 28, 2454, 2406, 154, 62744, 5346, 206
776, 26, 3912, 2702, 150, 61190, 6982, 220
777, 24, 2444, 2320, 148, 60192, 5404, 218
778, 26, 2476, 2246, 154, 99958, 5416, 246
779, 24, 2854, 2458, 154, 61368, 5890, 246
780, 24, 2444, 2388, 148, 97784, 5348, 218
781, 26, 2486, 2920, 152, 61660, 6604, 216
782, 26, 2516, 2294, 152, 96128, 5506, 216
783, 24, 2428, 2294, 152, 62448, 5332, 218
784, 24, 3616, 2684, 150, 60570, 6960, 214
785, 26, 2628, 2346, 154, 60972, 5386, 220
786, 24, 2434, 2342, 148, 61888, 5358, 218
787, 24, 2514, 2620, 156, 101072, 5450, 220
788, 26, 2404, 2310, 148, 62040, 5374, 218
789, 26, 3606, 2402, 152, 98540, 7012, 218
790, 24, 2448, 2316, 150, 60484, 5368, 216
791, 26, 2446, 2248, 152, 98262, 5324, 206
792, 24, 2822, 2482, 152, 62092, 5820, 218
793, 26, 2438, 2406, 150, 60886, 5330, 220
794, 28, 2616, 3042, 152, 62244, 6554, 220
795, 24, 2502, 2402, 154, 60488, 5454, 216
796, 26, 2406, 2338, 154, 99008, 5382, 218
797, 26, 3596, 2622, 152, 60430, 7012, 218
798, 26, 2458, 2284, 150, 96572, 5378, 220
799, 24, 2446, 2356, 150, 62660, 5436, 220
800, 24, 2862, 2528, 150, 96092, 5946, 238
801, 26, 2406, 2348, 152, 60898, 5322, 220
802, 24, 2452, 2954, 156, 62032, 6582, 216
803, 26, 2664, 2602, 154, 61604, 5466, 216
804, 26, 2422, 2332, 150, 61994, 5378, 220
805, 24, 3594, 2588, 152, 105484, 7030, 220
806, 24, 2448, 2304, 152, 60792, 5376, 218
807, 24, 2444, 2234, 154, 100232, 5450, 208
808, 24, 2828, 2550, 154, 61848, 5838, 216
809, 26, 2444, 2296, 156, 105804, 5368, 218
810, 26, 2436, 2936, 154, 62300, 6548, 218
811, 26, 2490, 2452, 152, 61408, 5442, 216
812, 26, 2542, 2404, 154, 62734, 5348, 216
813, 26, 3600, 2544, 152, 60404, 6994, 218
814, 24, 2436, 2306, 150, 99412, 5364, 220
815, 24, 2490, 2316, 154, 62772, 5414, 234
816, 24, 2830, 2450, 152, 102062, 5862, 220
817, 26, 2420, 2370, 150, 61482, 5350, 210
818, 26, 2438, 2964, 152, 96668, 6574, 218
819, 26, 2520, 2430, 156, 61122, 5460, 218
820, 26, 2402, 2308, 150, 62160, 5342, 218
821, 26, 3908, 2828, 148, 61856, 6992, 208
822, 26, 2442, 2312, 152, 60580, 5370, 218
823, 26, 2488, 2254, 148, 99366, 5304, 220
824, 26, 2854, 2452, 150, 61734, 5884, 220
825, 26, 2414, 2300, 156, 101940, 5398, 210
826, 24, 2444, 2966, 154, 61676, 6556, 220
827, 24, 2506, 2510, 152, 101610, 5456, 220
828, 26, 2402, 2414, 150, 61810, 5330, 220
829, 24, 3600, 2510, 150, 60718, 6974, 216
830, 26, 2602, 2370, 152, 61212, 5364, 218
831, 26, 2534, 2278, 150, 62524, 5342, 216
832, 26, 2898, 2450, 152, 101444, 5834, 220
833, 26, 2414, 2348, 150, 61016, 5336, 218
834, 24, 2464, 2910, 154, 97504, 6534, 206
835, 26, 2508, 2446, 152, 61328, 5488, 238
836, 24, 2406, 2338, 150, 102302, 5372, 218
837, 26, 3598, 2580, 148, 60596, 7092, 218
838, 26, 2456, 2266, 154, 60552, 5364, 206
839, 24, 2566, 2384, 150, 62812, 5336, 218
840, 24, 2846, 2426, 154, 61108, 5872, 220
841, 26, 2452, 2192, 150, 96634, 5364, 208
842, 26, 2480, 2940, 152, 61658, 6600, 218
843, 24, 2530, 2360, 150, 101206, 5426, 218
844, 26, 2438, 2320, 150, 62602, 5366, 208
845, 24, 3670, 2526, 150, 94990, 7064, 220
846, 24, 2444, 2338, 152, 60202, 5404, 216
847, 26, 2484, 2310, 152, 61804, 5346, 206
848, 24, 3064, 2506, 156, 61798, 5908, 218
849, 26, 2428, 2314, 154, 60772, 5368, 218
850, 24, 2468, 2938, 154, 101730, 6640, 234
851, 24, 2490, 2464, 156, 61168, 5432, 220
852, 26, 2428, 2400, 152, 97924, 5348, 220
853, 24, 3712, 2640, 152, 62252, 5488, 218
854, 24, 2462, 2380, 152, 102364, 5376, 220
855, 26, 3614, 2586, 152, 60388, 7044, 218
856, 26, 2442, 2290, 154, 60260, 5358, 216
857, 26, 2620, 2374, 156, 62788, 5326, 220
858, 26, 2884, 2432, 156, 61416, 5844, 206
859, 26, 2444, 2278, 156, 100568, 5392, 208
860, 24, 2518, 2918, 154, 61528, 6576, 220
861, 24, 2502, 2454, 150, 98560, 5456, 218
862, 24, 2446, 2380, 150, 62416, 5330, 218
863, 26, 3696, 2584, 150, 93522, 7080, 220
864, 26, 2434, 2406, 154, 60206, 5370, 220
865, 24, 2440, 2350, 150, 61582, 5344, 218
866, 24, 3044, 2684, 154, 62192, 5978, 216
867, 26, 2448, 2274, 154, 60842, 5310, 216
868, 26, 2452, 2870, 152, 97930, 6536, 220
869, 24, 2530, 2396, 154, 60852, 5474, 218
870, 26, 2424, 2302, 148, 101124, 5338, 222
871, 26, 3642, 2494, 154, 60436, 7008, 220
872, 26, 2430, 2218, 152, 98358, 5450, 210
873, 26, 2440, 2328, 150, 62180, 5316, 218
874, 24, 2846, 2554, 152, 61484, 5846, 218
875, 26, 2508, 2378, 154, 61214, 5404, 218
876, 26, 2518, 2922, 154, 61178, 6544, 216
877, 26, 2506, 2498, 154, 100108, 5448, 216
878, 26, 2478, 2280, 156, 61726, 5396, 218
879, 26, 3696, 2566, 150, 96058, 7010, 218
880, 24, 2440, 2338, 148, 60460, 5356, 220
881, 24, 2436, 2268, 150, 98964, 5366, 218
882, 24, 2856, 2494, 152, 61482, 5856, 218
883, 26, 2398, 2290, 150, 60926, 5372, 208
884, 24, 2544, 3006, 152, 62520, 6558, 216
885, 24, 2512, 2402, 156, 60690, 5430, 216
886, 26, 2420, 2318, 154, 97314, 5418, 208
887, 26, 3648, 2698, 152, 60280, 6988, 218
888, 26, 2442, 2306, 150, 97802, 5378, 218
889, 26, 2446, 2358, 152, 61854, 5330, 216
890, 26, 2826, 2520, 150, 96280, 5942, 216
891, 24, 2434, 2332, 150, 60632, 5364, 216
892, 26, 2448, 2876, 150, 61288, 6548, 216
893, 26, 2764, 2612, 152, 61308, 5440, 218
894, 26, 2410, 2280, 150, 61912, 5336, 220
895, 26, 3736, 2498, 152, 102252, 7046, 210
896, 24, 2436, 2272, 150, 59952, 5352, 216
897, 26, 2498, 2270, 150, 98072, 5294, 218
898, 24, 2876, 2540, 154, 61218, 5858, 218
899, 24, 2426, 2332, 150, 97350, 5452, 220
900, 26, 2448, 3014, 152, 61638, 6548, 220
901, 24, 2500, 2534, 150, 60676, 5446, 218
902, 26, 2556, 2426, 152, 62608, 5324, 206
903, 24, 3712, 2686, 154, 60932, 7016, 206
904, 26, 2506, 2322, 152, 98808, 5428, 208
905, 24, 2438, 2270, 150, 62182, 5296, 216
906, 24, 2872, 2428, 152, 100916, 5882, 220
907, 26, 2426, 2348, 152, 60978, 5346, 218
908, 22, 2486, 2974, 152, 95148, 6626, 218
909, 24, 2544, 2484, 156, 60742, 5462, 218
910, 26, 2416, 2306, 154, 61718, 5356, 218
911, 26, 3956, 2754, 150, 61940, 7026, 206
912, 26, 2452, 2292, 150, 60418, 5376, 218
913, 26, 2466, 2348, 150, 96772, 5334, 216
914, 24, 2854, 2462, 154, 61184, 5866, 218
915, 26, 2422, 2300, 154, 100072, 5346, 222
916, 24, 2446, 2896, 152, 61534, 6520, 220
917, 26, 2496, 2364, 154, 100520, 5460, 206
918, 24, 2452, 2400, 152, 62362, 5378, 220
919, 26, 3618, 2616, 152, 60450, 7002, 208
920, 26, 2628, 2788, 152, 63180, 5380, 216
921, 26, 2480, 2916, 148, 61548, 6550, 216
922, 24, 2496, 2380, 150, 94964, 5440, 216
923, 26, 2418, 2310, 152, 61764, 5352, 216
924, 26, 3712, 2684, 154, 94522, 7010, 214
925, 26, 2424, 2292, 150, 60332, 5388, 220
926, 24, 2434, 2264, 150, 94310, 5402, 220
927, 26, 2848, 2576, 152, 61548, 5814, 210
928, 24, 2428, 2332, 154, 60656, 5356, 206
929, 24, 2660, 3018, 150, 62632, 6518, 218
930, 26, 2498, 2458, 154, 60862, 5484, 238
931, 24, 2424, 2352, 154, 94546, 5348, 216
932, 26, 3702, 2548, 150, 60664, 7004, 218
933, 24, 2432, 2330, 150, 93436, 5384, 220
934, 26, 2444, 2334, 152, 61936, 5344, 218
935, 26, 2856, 2434, 148, 95646, 5880, 208
936, 26, 2432, 2372, 154, 61420, 5364, 210
937, 24, 2440, 2934, 154, 61266, 6522, 216
938, 26, 2788, 2556, 150, 61986, 5434, 222
939, 24, 2400, 2320, 150, 62134, 5304, 218
940, 24, 3694, 2608, 152, 97670, 6972, 218
941, 24, 2486, 2286, 150, 60194, 5448, 210
942, 26, 2446, 2334, 152, 95720, 5344, 236
943, 24, 2850, 2528, 154, 61610, 5860, 218
944, 24, 2452, 2322, 148, 95970, 5392, 216
945, 26, 2458, 2898, 148, 67590, 6584, 220
946, 24, 2470, 2406, 156, 60830, 5466, 206
947, 26, 2482, 2528, 152, 65146, 5362, 218
948, 26, 2910, 2442, 152, 61340, 5854, 216
949, 24, 2442, 2264, 150, 95700, 5342, 220
950, 26, 2486, 2904, 154, 61420, 6542, 218
951, 24, 2512, 2466, 150, 95424, 5458, 220
952, 24, 2446, 2336, 154, 61680, 5412, 216
953, 24, 3610, 2598, 150, 95524, 7076, 216
954, 26, 2432, 2372, 148, 61102, 5378, 216
955, 26, 2482, 2260, 152, 61964, 5302, 216
956, 26, 3054, 2514, 148, 61678, 5870, 208
957, 24, 2454, 2354, 150, 61308, 5362, 210
958, 24, 2442, 3008, 150, 99936, 6622, 248
959, 24, 2522, 2388, 154, 60850, 5490, 208
960, 24, 2434, 2298, 156, 97786, 5424, 206
961, 26, 3608, 2636, 152, 60678, 7018, 216
962, 24, 2456, 2310, 148, 96330, 5382, 220
963, 24, 2456, 2360, 152, 62016, 5306, 208
964, 24, 2858, 2530, 150, 61118, 5820, 218
965, 24, 2554, 2368, 158, 61358, 5372, 216
966, 26, 2474, 2864, 150, 61430, 6586, 242
967, 24, 2532, 2434, 156, 97998, 5434, 218
968, 26, 2408, 2306, 152, 61748, 5330, 220
969, 24, 3618, 2512, 156, 96564, 6994, 210
970, 26, 2428, 2360, 150, 60710, 5402, 216
971, 26, 2432, 2256, 154, 98286, 5402, 218
972, 24, 2844, 2514, 150, 61838, 5826, 206
973, 24, 2434, 2280, 152, 60506, 5368, 216
974, 26, 2506, 2958, 150, 62440, 6538, 218
975, 26, 2544, 2458, 146, 61070, 5458, 220
976, 24, 2426, 2324, 150, 118512, 5422, 216
977, 26, 2814, 2458, 152, 61298, 5830, 220
978, 24, 2414, 2314, 150, 97276, 5360, 218
979, 26, 2460, 3000, 150, 61756, 6510, 218
980, 28, 2492, 2448, 150, 96520, 5500, 206
981, 24, 2404, 2388, 150, 61868, 5342, 218
982, 24, 3736, 2490, 154, 60194, 6978, 216
983, 26, 2522, 2470, 150, 61386, 5374, 222
984, 24, 2442, 2334, 150, 61870, 5400, 218
985, 26, 2820, 2436, 156, 100124, 5850, 218
986, 24, 2458, 2240, 150, 60826, 5358, 210
987, 24, 2436, 2906, 150, 100896, 6534, 218
988, 26, 2454, 2458, 150, 61458, 5458, 218
989, 24, 2406, 2370, 152, 95954, 5482, 246
990, 24, 3602, 2602, 150, 61118, 6960, 218
991, 26, 2418, 2334, 152, 60380, 5380, 208
992, 26, 2542, 2432, 152, 62980, 5356, 216
993, 26, 2860, 2486, 150, 61194, 5818, 222
994, 26, 2400, 2366, 152, 97486, 5430, 220
995, 24, 2438, 2998, 154, 61090, 6540, 220
996, 26, 2558, 2526, 152, 99442, 5528, 218
997, 24, 2432, 2366, 152, 61990, 5328, 220
998, 26, 3614, 2556, 152, 97542, 6964, 218
999, 24, 2428, 2372, 148, 60690, 5392, 206
