Platform, cli, lgdt, prot, in 32, id map, long, in 64
Hyper-V,  550,167336,13680, 748,711918,1778,1858
Hyper-V,  304, 838,10070, 532,35036,1972,1864
Hyper-V,  332, 856,10016, 558,34372,1818,1862
Hyper-V,  334, 770,9940, 566,34398,1824,1850
Hyper-V,  334, 864,9890, 558,34262,1820,1870
Hyper-V,  306, 854,9874, 514,34172,1826,1864
Hyper-V,  334, 792,9936, 558,34120,1826,1862
Hyper-V,  332,1116,9774, 558,34496,1836,1864
Hyper-V,  298, 918,9692, 532,34136,1828,1862
Hyper-V,  298, 970,9702, 522,34164,1824,1848
Hyper-V,  298, 926,9666, 540,34102,1818,1872
Hyper-V,  338, 914,9742, 554,34056,1836,1858
Hyper-V,  298, 910,9710, 522,34012,1836,1862
Hyper-V,  298, 980,9720, 532,34048,1818,1862
Hyper-V,  304,1126,9666, 522,34102,1836,1872
Hyper-V,  224, 800,12426, 526,34758,1826,1856
Hyper-V,  304, 812,9692, 522,34308,1818,1864
Hyper-V,  148, 594,4648, 250,15738, 832, 854
Hyper-V,  134, 798,4414, 234,15728, 834, 846
Hyper-V,  134, 804,4868, 234,15568, 898, 850
Hyper-V,  134, 606,4598, 232,15660, 836, 858
Hyper-V,  134, 718,4426, 236,16520, 902, 852
Hyper-V,  148, 698,4446, 252,16038, 844, 844
Hyper-V,  134, 684,4442, 234,15628, 904, 854
Hyper-V,  136, 650,4442, 236,15526, 840, 854
Hyper-V,  134, 708,4424, 230,15578, 892, 854
Hyper-V,  148, 674,4458, 246,15542, 908, 850
Hyper-V,  148, 734,4458, 248,15536, 838, 852
Hyper-V,  134, 900,4426, 234,15632,1136, 848
Hyper-V,  134, 710,4428, 238,15882, 900, 854
Hyper-V,  134, 674,4434, 236,15540, 840, 852
Hyper-V,  134, 822,4404, 232,15530, 908, 856
Hyper-V,  134, 714,4444, 238,15538, 898, 850
Hyper-V,  134, 678,4412, 232,15536, 834, 856
Hyper-V,  148, 738,4456, 246,15568, 932, 846
Hyper-V,  148, 726,4460, 252,15550, 904, 848
Hyper-V,  148, 732,4456, 246,15678, 938, 854
Hyper-V,  134, 712,4432, 232,15722, 898, 854
Hyper-V,  134, 610,4428, 234,15518, 838, 844
Hyper-V,  134, 672,4698, 232,15518, 926, 848
Hyper-V,  134, 692,4448, 238,15538, 900, 856
Hyper-V,  134, 786,4430, 236,15470,1342, 850
Hyper-V,  136, 758,4474, 236,15572,1348, 852
Hyper-V,  134, 752,4456, 238,15632, 902, 854
Hyper-V,  134, 706,4630, 234,15578,1090, 850
Hyper-V,  134, 712,4422, 238,15586, 836, 852
Hyper-V,  134, 672,4418, 230,15692, 906, 850
Hyper-V,  134, 730,4410, 240,15494, 892, 850
Hyper-V,  134, 664,4410, 236,15504, 992, 852
Hyper-V,  134, 692,4416, 236,15740, 996, 846
Hyper-V,  148, 694,4494, 250,15686, 926, 856
Hyper-V,  148, 654,4454, 246,15614, 908, 846
Hyper-V,  134, 708,4426, 234,15524,1368, 850
Hyper-V,  134, 748,4456, 236,15614, 914, 846
Hyper-V,  134, 636,4412, 236,15542, 838, 848
Hyper-V,  134, 700,4442, 232,15604,1530, 846
Hyper-V,  134, 726,4430, 238,15484, 912, 854
Hyper-V,  148, 602,4514, 250,15560, 840, 854
Hyper-V,  134, 672,4440, 232,15554, 902, 854
Hyper-V,  134, 716,4414, 232,15476, 908, 852
Hyper-V,  134, 754,4446, 236,15592, 906, 850
Hyper-V,  148, 742,4476, 250,15638, 934, 856
Hyper-V,  134, 644,4424, 236,15790,1334, 846
Hyper-V,  148, 968,4464, 246,15546,1102, 852
Hyper-V,  134, 624,4416, 234,15652, 840, 854
Hyper-V,  148, 976,4444, 252,15596, 836, 854
Hyper-V,  134, 670,4418, 234,15624, 834, 846
Hyper-V,  134, 656,4608, 232,15720, 838, 844
Hyper-V,  328, 928,9810, 558,34038,1836,1844
Hyper-V,  304, 964,33584, 232,15662,1068, 846
Hyper-V,  134, 672,4474, 236,15488, 834, 854
Hyper-V,  148, 786,4446, 246,15520, 948, 850
Hyper-V,  148, 700,4426, 252,15518, 838, 850
Hyper-V,  134, 842,4420, 234,15624, 978, 848
Hyper-V,  134, 768,4470, 236,15494, 832, 852
Hyper-V,  134, 702,4426, 236,15538,1052, 860
Hyper-V,  148, 654,4472, 248,15600, 910, 850
Hyper-V,  118, 926,10104, 526,42774, 832, 852
Hyper-V,  148, 712,4474, 246,15710,1012, 856
Hyper-V,  134, 904,4440, 238,15572, 938, 850
Hyper-V,  148, 664,4454, 248,15494, 910, 846
Hyper-V,  134, 662,4424, 234,15544, 924, 852
Hyper-V,  148, 712,4480, 250,15592, 932, 848
Hyper-V,  134, 622,4428, 236,15624, 898, 848
Hyper-V,  134, 642,4428, 234,15554, 908, 858
Hyper-V,  136, 712,4436, 234,15478,1326, 854
Hyper-V,  148, 632,4462, 252,15502, 902, 852
Hyper-V,  134, 746,4428, 236,15724, 914, 854
Hyper-V,  134, 724,4422, 234,15508,1048, 852
Hyper-V,  148, 764,4500, 246,15524,1006, 852
Hyper-V,  134, 676,4442, 234,15516, 838, 844
Hyper-V,  134, 700,4426, 238,15650, 900, 854
Hyper-V,  134, 742,4432, 238,15540, 834, 856
Hyper-V,  134, 736,4430, 236,15490, 908, 856
Hyper-V,  134, 696,4444, 238,15510, 898, 856
Hyper-V,  134, 628,4448, 232,15524, 916, 850
Hyper-V,  134, 626,4438, 238,15604, 892, 850
Hyper-V,  134, 706,4430, 236,15802, 928, 852
Hyper-V,  134, 658,4684, 232,15552, 834, 854
Hyper-V,  134, 654,4422, 236,15630, 834, 848
Hyper-V,  148, 738,4464, 246,15634, 834, 846
Hyper-V,  134, 672,4428, 236,15576, 898, 844
Hyper-V,  134, 742,4448, 234,15582, 900, 854
Hyper-V,  134, 660,4472, 238,15558, 838, 852
Hyper-V,  148, 722,4474, 252,15570,1328, 852
Hyper-V,  134, 704,4430, 234,15628, 906, 852
Hyper-V,  136, 730,4430, 232,15544, 838, 852
Hyper-V,  134, 702,4434, 238,15590, 902, 848
Hyper-V,  148, 878,4460, 248,15606,1324, 848
Hyper-V,  148, 712,4472, 250,15702, 840, 850
Hyper-V,  134, 696,4712, 238,15538,1340, 848
Hyper-V,  148, 682,4532, 254,15506, 908, 846
Hyper-V,  134, 954,4444, 236,15496,1326, 850
Hyper-V,  134, 712,4424, 232,15532, 904, 848
Hyper-V,  134, 758,4434, 234,15556, 920, 854
Hyper-V,  134, 698,4426, 232,15510, 906, 852
Hyper-V,  134, 664,4418, 234,15552, 840, 854
Hyper-V,  134, 720,4432, 236,15504,1332, 850
Hyper-V,  134, 686,4422, 232,15600, 906, 850
Hyper-V,  134, 692,4720, 238,15594,1354, 848
Hyper-V,  134, 664,4432, 238,15634, 922, 852
Hyper-V,  134, 694,4420, 234,15556, 910, 852
Hyper-V,  134, 712,4444, 238,15622, 908, 850
Hyper-V,  134, 686,4442, 234,15548, 836, 852
Hyper-V,  134, 698,4426, 234,15498,1332, 856
Hyper-V,  134, 702,4444, 236,15510, 940, 850
Hyper-V,  134, 810,4418, 238,15550, 946, 846
Hyper-V,  134, 692,4446, 236,15518, 838, 844
Hyper-V,  134, 712,4424, 236,15546,1320, 856
Hyper-V,  148, 720,4464, 246,15802, 928, 852
Hyper-V,  134, 724,4428, 236,15638,1338, 854
Hyper-V,  134, 730,4428, 232,15580, 908, 858
Hyper-V,  148, 712,4514, 248,15860, 900, 852
Hyper-V,  134, 684,4438, 234,15502, 900, 850
Hyper-V,  134, 700,4426, 238,15568, 902, 854
Hyper-V,  134, 688,4434, 234,15538, 920, 844
Hyper-V,  134, 656,4428, 234,15514, 910, 852
Hyper-V,  134, 704,4434, 234,15518, 910, 846
Hyper-V,  148, 664,4462, 248,15530, 906, 850
Hyper-V,  134, 694,4422, 236,15502, 904, 848
Hyper-V,  148, 666,4470, 246,15532, 920, 852
Hyper-V,  134, 700,4440, 234,15520, 910, 850
Hyper-V,  134, 724,4412, 234,15564, 932, 848
Hyper-V,  134, 674,4468, 234,15522,1358, 850
Hyper-V,  134, 708,4412, 232,15522, 902, 848
Hyper-V,  148, 738,4454, 250,16882, 928, 850
Hyper-V,  134, 754,4486, 236,15554, 940, 856
Hyper-V,  134, 674,4450, 236,15504, 924, 846
Hyper-V,  136, 664,4422, 236,15508,1342, 848
Hyper-V,  134, 676,4426, 234,15514, 900, 856
Hyper-V,  134, 686,4510, 236,15464,1116, 858
Hyper-V,  148, 694,4496, 248,15506, 902, 852
Hyper-V,  134, 664,4438, 234,15788, 938, 854
Hyper-V,  148, 736,4626, 248,15606, 938, 850
Hyper-V,  148, 778,4456, 246,15514, 892, 856
Hyper-V,  134, 684,4426, 234,15612, 908, 856
Hyper-V,  134, 736,4414, 232,15540,1350, 848
Hyper-V,  134, 732,4436, 232,15512, 898, 860
Hyper-V,  134, 706,4442, 236,15480,1338, 854
Hyper-V,  134, 728,4434, 232,15504,1620, 854
Hyper-V,  134, 718,4434, 234,15484,1318, 854
Hyper-V,  148, 722,4468, 250,15522, 840, 856
Hyper-V,  134, 698,4450, 232,15536,1322, 854
Hyper-V,  134, 694,4454, 232,15494, 906, 852
Hyper-V,  134, 734,4424, 234,15542, 902, 852
Hyper-V,  132, 698,4426, 234,15502,1328, 846
Hyper-V,  134, 700,4440, 238,15480, 906, 850
Hyper-V,  134, 690,4438, 232,15516, 892, 856
Hyper-V,  134, 696,4418, 236,15494, 930, 854
Hyper-V,  134, 704,4432, 238,15484, 924, 858
Hyper-V,  148, 724,4482, 246,15662, 898, 850
Hyper-V,  134,1000,4494, 234,15506,1336, 854
Hyper-V,  134, 708,4440, 234,15506,1342, 850
Hyper-V,  134, 666,4428, 236,15496, 910, 850
Hyper-V,  134, 686,4864, 236,15592, 900, 848
Hyper-V,  134, 716,4424, 236,15492, 904, 852
Hyper-V,  134, 698,4432, 234,15498, 908, 856
Hyper-V,  134, 672,4438, 232,15568, 912, 844
Hyper-V,  134, 692,4456, 238,15526, 900, 848
Hyper-V,  134, 696,4424, 228,15522, 904, 860
Hyper-V,  134, 692,4418, 232,15562, 912, 848
Hyper-V,  134, 712,4488, 234,15580, 836, 850
Hyper-V,  134, 736,4420, 234,15532, 906, 860
Hyper-V,  134, 698,4426, 232,15520, 928, 854
Hyper-V,  134, 694,4434, 232,15512,1426, 848
Hyper-V,  134, 686,4442, 238,15508, 918, 854
Hyper-V,  134, 622,4582, 232,15666, 836, 854
Hyper-V,  134, 670,4448, 232,15902, 832, 854
Hyper-V,  148, 652,4468, 250,15562, 842, 858
Hyper-V,  132, 714,4424, 236,15510,1088, 852
Hyper-V,  134, 726,4434, 238,15582, 916, 852
Hyper-V,  134, 732,4426, 232,15616, 836, 850
Hyper-V,  134, 756,4462, 236,15544, 908, 852
Hyper-V,  134, 722,4422, 236,15526, 838, 860
Hyper-V,  134, 730,4422, 236,15550, 926, 856
Hyper-V,  134, 744,4436, 234,15508, 834, 858
Hyper-V,  134, 732,4458, 232,15612, 838, 852
Hyper-V,  148, 702,4448, 246,15548, 914, 858
Hyper-V,  134, 736,4424, 232,15860, 892, 856
Hyper-V,  134, 678,4572, 234,15498, 834, 854
Hyper-V,  134, 700,4444, 236,15556, 898, 858
Hyper-V,  134, 694,4442, 232,15516,1324, 852
Hyper-V,  148, 704,4482, 246,15530, 890, 846
Hyper-V,  148, 726,4458, 252,15502, 834, 850
Hyper-V,  134, 664,4460, 236,15888,1348, 852
Hyper-V,  148, 656,4502, 246,15584, 898, 852
Hyper-V,  134, 746,4450, 236,15630, 834, 848
Hyper-V,  134, 712,4848, 236,15494,1340, 854
Hyper-V,  134, 702,4444, 238,15496, 924, 850
Hyper-V,  134, 690,4446, 234,15492, 838, 848
Hyper-V,  134, 688,4438, 238,15548, 900, 854
Hyper-V,  148, 696,4472, 250,15514,1312, 852
Hyper-V,  148, 724,4480, 250,15514, 836, 854
Hyper-V,  134, 694,4448, 232,15562, 924, 852
Hyper-V,  134, 702,4454, 234,15538, 914, 852
Hyper-V,  134, 700,4450, 234,15586, 834, 856
Hyper-V,  134, 740,4462, 236,15566, 904, 850
Hyper-V,  136, 678,4450, 236,15574, 926, 852
Hyper-V,  148, 716,4490, 250,15572, 838, 850
Hyper-V,  134, 666,4440, 240,15536,1336, 852
Hyper-V,  148, 714,4482, 250,15556, 898, 856
Hyper-V,  148, 740,4480, 248,15560, 898, 848
Hyper-V,  134, 696,4460, 234,15514,1322, 856
Hyper-V,  304, 848,34240, 234,15520, 892, 850
Hyper-V,  134, 776,4458, 232,15510, 910, 846
Hyper-V,  148, 718,4488, 250,15622,1104, 856
Hyper-V,  134, 752,4454, 236,15546, 836, 846
Hyper-V,  148, 664,4474, 250,15550, 904, 852
Hyper-V,  134, 742,4440, 236,15504,1850, 846
Hyper-V,  134, 592,4458, 240,15554, 832, 850
Hyper-V,  148, 768,4452, 248,15548,1066, 846
Hyper-V,  148, 812,4466, 248,15502, 900, 854
Hyper-V,  134, 718,4428, 238,15468, 838, 858
Hyper-V,  134, 650,4440, 234,15928, 894, 852
Hyper-V,  134, 636,4448, 232,15600, 832, 856
Hyper-V,  134, 680,4416, 236,15550, 920, 848
Hyper-V,  134, 720,4420, 238,15546, 904, 852
Hyper-V,  134, 798,4430, 242,15472, 834, 846
Hyper-V,  134, 606,4418, 232,15520, 836, 854
Hyper-V,  148, 722,4458, 250,15502, 894, 848
Hyper-V,  148, 678,4480, 246,15492, 944, 844
Hyper-V,  148, 700,4468, 250,15478, 840, 850
Hyper-V,  136, 584,4412, 234,15480, 842, 854
Hyper-V,  134, 680,4436, 238,15476, 924, 854
Hyper-V,  134, 650,4440, 236,15626, 934, 854
Hyper-V,  134, 718,4430, 232,15574, 916, 844
Hyper-V,  134, 712,4432, 238,15530, 896, 844
Hyper-V,  134, 680,4464, 240,15508, 898, 844
Hyper-V,  148, 698,4482, 258,15518, 936, 846
Hyper-V,  298, 872,31886, 238,15478,1332, 844
Hyper-V,  148, 670,4478, 252,15512,1338, 850
Hyper-V,  148, 652,4446, 248,15480,1244, 860
Hyper-V,  134, 670,4456, 232,15526, 888, 860
Hyper-V,  304, 816,35046, 238,15540, 936, 852
Hyper-V,  134, 676,4430, 236,15480, 834, 854
Hyper-V,  134, 684,4460, 236,15556, 892, 856
Hyper-V,  134, 678,4478, 232,15540, 906, 850
Hyper-V,  134, 680,4444, 234,15516, 888, 852
Hyper-V,  134, 624,4448, 238,15540,1132, 852
Hyper-V,  148, 730,4468, 250,15522,1324, 852
Hyper-V,  134, 666,4510, 236,15530, 902, 854
Hyper-V,  134, 676,4452, 240,15502, 900, 846
Hyper-V,  134, 666,4448, 236,15532, 898, 854
Hyper-V,  134,1038,4462, 238,15562, 840, 858
Hyper-V,  134, 636,4448, 236,15512, 906, 848
Hyper-V,  134, 662,4420, 238,15470, 838, 848
Hyper-V,  134, 612,4456, 234,15542, 888, 856
Hyper-V,  134, 668,4426, 240,15520, 916, 846
Hyper-V,  306, 824,33698, 232,15544,1116, 852
Hyper-V,  134, 700,4442, 234,15472,5334, 852
Hyper-V,  134, 622,4448, 240,15540, 898, 850
Hyper-V,  148, 668,4468, 250,15510,1346, 858
Hyper-V,  148, 658,4456, 250,15538, 958, 852
Hyper-V,  134, 602,4522, 238,15528, 838, 850
Hyper-V,  134, 698,4454, 232,15460, 844, 854
Hyper-V,  148, 672,4480, 246,15468, 834, 854
Hyper-V,  134,1098,4450, 234,15446,1212, 858
Hyper-V,  134, 826,4420, 232,16080, 914, 854
Hyper-V,  134, 666,4442, 234,15620, 832, 872
Hyper-V,  134, 666,4438, 236,15522, 836, 856
Hyper-V,  134, 752,4450, 240,15536, 914, 846
Hyper-V,  134, 668,4686, 232,15516, 838, 844
Hyper-V,  148, 812,4484, 250,15518,1158, 850
Hyper-V,  134, 652,4470, 234,15526, 928, 854
Hyper-V,  134, 674,4440, 234,15490,1026, 882
Hyper-V,  136,1098,4448, 236,15746, 914, 844
Hyper-V,  134, 702,4452, 234,15540, 900, 854
Hyper-V,  134, 634,4452, 232,15530, 836, 854
Hyper-V,  148, 694,4474, 250,15484, 922, 852
Hyper-V,  148, 704,4480, 248,15508,1130, 854
Hyper-V,  134, 722,4456, 232,15532, 918, 856
Hyper-V,  134, 642,4446, 242,15516, 838, 854
Hyper-V,  134, 740,4426, 236,15502, 926, 856
Hyper-V,  134, 666,4534, 236,15506, 896, 852
Hyper-V,  148, 668,4456, 246,15510,1124, 844
Hyper-V,  134,1098,4448, 232,15484,1332, 852
Hyper-V,  134, 622,4410, 234,15500, 902, 848
Hyper-V,  134, 664,4448, 236,15508, 928, 844
Hyper-V,  134, 636,4458, 232,15524, 902, 852
Hyper-V,  134, 678,4464, 234,15492,1346, 848
Hyper-V,  134, 636,4452, 236,15592, 902, 848
Hyper-V,  134, 676,4446, 238,15620,1354, 848
Hyper-V,  134, 614,4450, 236,15562, 898, 848
Hyper-V,  148, 770,4466, 250,15616, 898, 852
Hyper-V,  134, 854,4448, 236,15560, 904, 850
Hyper-V,  134, 682,4462, 234,15604, 910, 846
Hyper-V,  134, 648,4480, 240,16066,1168, 856
Hyper-V,  134, 868,4614, 238,15614,1340, 842
Hyper-V,  148, 656,4506, 252,15890,1016, 850
Hyper-V,  134, 678,4466, 238,15592, 930, 854
Hyper-V,  148, 668,4496, 246,15606, 904, 850
Hyper-V,  148, 780,4508, 248,15576, 908, 854
Hyper-V,  148, 676,4534, 250,15614, 898, 848
Hyper-V,  146, 632,4496, 246,15582, 938, 852
Hyper-V,  148, 700,4516, 252,15608,1316, 846
Hyper-V,  148, 606,4514, 256,15636, 908, 856
Hyper-V,  148, 716,4500, 256,15570,1322, 858
Hyper-V,  134, 654,4488, 238,15644, 918, 852
Hyper-V,  148, 796,4486, 248,15592,1346, 846
Hyper-V,  148, 780,4506, 254,15908, 904, 852
Hyper-V,  134, 780,4466, 234,15612,1318, 858
Hyper-V,  134, 606,4466, 238,15560,1334, 846
Hyper-V,  134, 676,4484, 236,15586, 916, 854
Hyper-V,  134, 666,4468, 238,15568, 906, 848
Hyper-V,  148, 670,4502, 248,15644,1342, 852
Hyper-V,  134, 640,4476, 232,15586, 838, 850
Hyper-V,  148, 672,4536, 250,15608, 902, 848
Hyper-V,  134, 674,4472, 236,15528,1328, 852
Hyper-V,  134, 616,4454, 236,15590,1052, 854
Hyper-V,  134, 670,4476, 242,15594,1342, 854
Hyper-V,  134, 638,4484, 236,15610, 908, 856
Hyper-V,  148, 660,4490, 248,15582,1324, 848
Hyper-V,  148, 612,4502, 250,15608, 902, 854
Hyper-V,  148, 618,4516, 250,15638, 922, 850
Hyper-V,  134, 632,4478, 236,15618,1336, 850
Hyper-V,  148, 714,4506, 246,15598,1340, 846
Hyper-V,  134, 650,4478, 236,15584, 900, 852
Hyper-V,  148, 702,4518, 250,15636, 902, 846
Hyper-V,  148, 660,4524, 246,15634, 906, 848
Hyper-V,  134, 654,4474, 236,15624, 922, 850
Hyper-V,  148, 648,4556, 254,15628,1326, 854
Hyper-V,  134, 652,4462, 236,15596, 900, 856
Hyper-V,  148, 662,4514, 252,15590, 952, 852
Hyper-V,  134, 612,4480, 238,15586,1330, 850
Hyper-V,  148, 714,4492, 246,15620,1338, 846
Hyper-V,  134, 624,4488, 236,15574, 898, 852
Hyper-V,  148, 648,4510, 250,15584,1348, 854
Hyper-V,  148, 650,4508, 248,15642, 920, 856
Hyper-V,  148, 652,4516, 248,15612,1332, 850
Hyper-V,  134, 644,4472, 236,15594, 920, 852
Hyper-V,  134, 698,4466, 232,15582, 900, 852
Hyper-V,  148, 604,4490, 248,15632,1334, 846
Hyper-V,  148, 668,4514, 250,15594, 918, 850
Hyper-V,  148, 612,4502, 250,15600, 922, 850
Hyper-V,  150, 686,4510, 250,15582,1384, 848
Hyper-V,  148, 774,4514, 256,15600,1338, 858
Hyper-V,  148, 636,4566, 246,15566, 916, 844
Hyper-V,  134, 656,4470, 238,15588, 832, 850
Hyper-V,  134, 644,4472, 238,15580, 898, 846
Hyper-V,  148, 712,4510, 254,15584,1344, 852
Hyper-V,   54, 654,6638, 234,15464, 842, 858
Hyper-V,  134, 654,4476, 238,15564,1030, 850
Hyper-V,  148, 684,4492, 250,15614, 900, 848
Hyper-V,  148, 658,4474, 246,15590, 894, 856
Hyper-V,  148, 650,4490, 248,15578, 836, 846
Hyper-V,  148, 710,4682, 250,15968,1112, 852
Hyper-V,  148, 626,4492, 248,16400, 894, 852
Hyper-V,  148, 702,4476, 254,15956, 842, 852
Hyper-V,  148, 658,4494, 254,15658, 906, 856
Hyper-V,  134, 666,4490, 234,15688, 898, 856
Hyper-V,  148, 656,4494, 248,15678, 948, 850
Hyper-V,  148, 698,4480, 246,15604, 894, 856
Hyper-V,  134, 632,4458, 236,15944,1316, 852
Hyper-V,  148, 716,4488, 254,15624, 902, 852
Hyper-V,  148, 638,4488, 250,15588, 898, 856
Hyper-V,  134, 620,4458, 232,15578, 904, 854
Hyper-V,  148, 614,4496, 254,15624,1352, 856
Hyper-V,  148, 678,4496, 246,15718,1346, 852
Hyper-V,  134, 684,4456, 230,15620, 920, 856
Hyper-V,  148, 630,4518, 248,15598,1068, 852
Hyper-V,  148, 674,4520, 254,15688,1142, 860
Hyper-V,  148, 600,4484, 246,15580, 902, 852
Hyper-V,  134, 664,4502, 240,15658, 906, 850
Hyper-V,  134, 650,4452, 236,15594, 906, 850
Hyper-V,  146, 650,4506, 248,16038, 908, 850
Hyper-V,  134, 660,4458, 242,15586, 906, 852
Hyper-V,  148, 644,4484, 248,15562,1332, 848
Hyper-V,  148, 674,4496, 250,15598, 898, 854
Hyper-V,  134, 676,4440, 234,15962, 892, 852
Hyper-V,  148, 608,4496, 254,15608, 914, 854
Hyper-V,  134, 670,4458, 234,15620,1034, 858
Hyper-V,  150, 660,4484, 246,15574, 914, 852
Hyper-V,  134, 674,4454, 234,15618,1010, 846
Hyper-V,  148, 618,4498, 254,15592, 898, 856
Hyper-V,  134, 628,4458, 234,15602,1180, 852
Hyper-V,  148, 594,4938, 246,15556, 908, 854
Hyper-V,  148, 654,4496, 248,15580, 836, 852
Hyper-V,  148, 650,4490, 252,15936,1020, 848
Hyper-V,  148, 654,4924, 246,15580, 922, 852
Hyper-V,  134, 648,4452, 232,15584, 932, 850
Hyper-V,  134, 610,4464, 236,15578, 918, 858
Hyper-V,  134, 622,4450, 232,15662, 834, 854
Hyper-V,  148, 696,4512, 248,15602, 916, 848
Hyper-V,  148, 664,4488, 250,15562, 898, 850
Hyper-V,  134, 682,4466, 238,15644,1320, 846
Hyper-V,  134, 642,4544, 240,15562, 920, 850
Hyper-V,  148, 600,4490, 252,15860, 906, 848
Hyper-V,  148, 702,4490, 246,15596, 894, 850
Hyper-V,  148, 648,4490, 246,15640,1124, 852
Hyper-V,  136, 676,4456, 232,15568,1328, 858
Hyper-V,  148, 664,4488, 246,15960,1064, 852
Hyper-V,  134, 682,4448, 240,15578,1338, 848
Hyper-V,  148, 626,4490, 246,15680, 908, 854
Hyper-V,  134,1036,4448, 232,15566,1354, 856
Hyper-V,  134, 640,4460, 232,15554, 898, 848
Hyper-V,  134, 636,4466, 234,15570,1338, 856
Hyper-V,  148, 748,4492, 246,15662,1332, 848
Hyper-V,  134, 618,4460, 234,15580, 922, 850
Hyper-V,  148, 614,4478, 246,15582, 918, 850
Hyper-V,  148, 698,4506, 250,15558,1058, 854
Hyper-V,  134, 634,4466, 234,15602, 928, 850
Hyper-V,  134, 672,4460, 236,15596,1336, 846
Hyper-V,  148, 678,4510, 254,15552, 906, 856
Hyper-V,  148, 710,4492, 248,15640,1394, 850
Hyper-V,  148, 608,4496, 248,15580, 898, 850
Hyper-V,  134, 662,4464, 236,15562,1338, 846
Hyper-V,  148, 694,4496, 248,16050,1006, 858
Hyper-V,  148, 654,4556, 252,15682,1342, 852
Hyper-V,  148, 656,4494, 252,15650, 956, 846
Hyper-V,  134, 680,4464, 238,15670,1328, 850
Hyper-V,  148, 634,4500, 248,15692, 910, 856
Hyper-V,  134, 746,4458, 236,16118,1004, 852
Hyper-V,  148, 736,4496, 248,15662,1340, 848
Hyper-V,  148, 718,4498, 254,15968, 908, 850
Hyper-V,  134, 620,4464, 236,15588, 906, 850
Hyper-V,  148, 666,4484, 248,15580,1326, 852
Hyper-V,  148, 650,4484, 246,15680, 994, 848
Hyper-V,  134, 738,4458, 234,15608,1318, 850
Hyper-V,  148, 666,4492, 252,15650, 898, 854
Hyper-V,  134, 662,4468, 236,15594, 898, 856
Hyper-V,  148, 638,4496, 246,15552, 932, 856
Hyper-V,  148, 652,4492, 250,15608,1350, 850
Hyper-V,  148, 678,4496, 248,15568, 908, 858
Hyper-V,  134, 694,4460, 234,15610,1342, 852
Hyper-V,  136, 620,4466, 232,15612, 906, 848
Hyper-V,  134, 684,4460, 238,15590, 898, 858
Hyper-V,  148, 608,4504, 248,15566, 910, 852
Hyper-V,  134, 662,4456, 238,15584,1086, 850
Hyper-V,  134, 636,4454, 234,15558, 902, 852
Hyper-V,  134, 700,4508, 236,15594,1360, 854
Hyper-V,  148, 568,4536, 248,15564, 842, 846
Hyper-V,  148, 710,4494, 248,15662, 834, 850
Hyper-V,  148, 828,4914, 246,15622,1114, 852
Hyper-V,  136, 622,4450, 234,15560, 912, 854
Hyper-V,  134, 640,4466, 232,15614, 892, 852
Hyper-V,  148, 716,4484, 248,15580, 898, 852
Hyper-V,  148, 700,4512, 248,15566, 894, 848
Hyper-V,  148, 672,4510, 246,15584, 928, 854
Hyper-V,  148, 904,4484, 248,15586, 836, 852
Hyper-V,  148, 666,4498, 246,15606,1322, 860
Hyper-V,  148, 610,4492, 252,15924, 892, 846
Hyper-V,  134, 670,4464, 234,15554,1340, 852
Hyper-V,  134, 634,4456, 234,15636, 892, 852
Hyper-V,  134, 704,4456, 232,15548,1338, 852
Hyper-V,  148, 648,4512, 246,15628,1020, 852
Hyper-V,  148, 644,4494, 252,15962, 844, 852
Hyper-V,  134, 674,4450, 236,15624,1334, 850
Hyper-V,  148, 668,4486, 254,15586, 904, 848
Hyper-V,  134, 666,4460, 232,15634,1326, 852
Hyper-V,  134, 676,4500, 234,15610, 938, 852
Hyper-V,  134, 710,4454, 232,15584,1322, 854
Hyper-V,  148, 642,4486, 246,15644, 834, 846
Hyper-V,  136, 664,4462, 232,15554,1342, 852
Hyper-V,  148, 620,4480, 248,15602, 986, 848
Hyper-V,  148, 670,4524, 252,15732,1368, 854
Hyper-V,  148,1234,4498, 250,15544, 994, 850
Hyper-V,  134, 792,4452, 234,15964, 904, 852
Hyper-V,  148, 922,4494, 246,15702, 898, 850
Hyper-V,  148,1098,4494, 250,15574, 902, 856
Hyper-V,  134, 674,4452, 236,15632,1334, 846
Hyper-V,  148, 716,4494, 248,15632, 888, 852
Hyper-V,  148, 694,4482, 250,15570, 906, 850
Hyper-V,  148, 682,4518, 246,15926,1318, 860
Hyper-V,  134, 628,4460, 240,15590, 910, 856
Hyper-V,  148, 644,4486, 246,15564,1340, 846
Hyper-V,  134, 676,4470, 240,15588, 832, 850
Hyper-V,  148, 714,4508, 248,15668, 838, 848
Hyper-V,  134, 608,4468, 232,15582, 920, 846
Hyper-V,  134, 628,4454, 238,15576, 834, 848
Hyper-V,  148, 596,4492, 246,15562, 912, 856
Hyper-V,  148, 662,4488, 246,15626,1594, 850
Hyper-V,  134, 638,4454, 238,15584, 988, 846
Hyper-V,  148, 718,4478, 248,15566,1028, 852
Hyper-V,  134, 602,4464, 232,15590, 840, 848
Hyper-V,  148, 720,4488, 246,15910,1328, 852
Hyper-V,  148, 706,4490, 248,15608, 896, 850
Hyper-V,  148, 650,4484, 248,15580, 912, 854
Hyper-V,  148, 616,4536, 248,15528, 838, 850
Hyper-V,  134, 662,4450, 240,15592,1350, 854
Hyper-V,  148, 674,4490, 246,15588, 906, 850
Hyper-V,  134, 618,4468, 234,15578, 832, 856
Hyper-V,  134, 668,4464, 234,15582,1320, 858
Hyper-V,  148, 638,4494, 248,15604, 904, 848
Hyper-V,  134, 666,4472, 234,15698, 840, 848
Hyper-V,  148, 754,4490, 250,15598, 910, 856
Hyper-V,  148, 850,4506, 246,15592,1096, 850
Hyper-V,  148, 590,4494, 246,15546, 838, 848
Hyper-V,  148, 652,4490, 254,15564, 908, 854
Hyper-V,  148, 668,4496, 246,15570, 896, 846
Hyper-V,  148, 688,4488, 252,15568, 904, 858
Hyper-V,  148, 676,4494, 246,15670, 900, 854
Hyper-V,  134, 716,4450, 240,15612, 836, 846
Hyper-V,  148, 722,4496, 250,15640, 908, 848
Hyper-V,  148, 968,4486, 254,15680, 900, 848
Hyper-V,  148, 736,4480, 250,16022, 900, 850
Hyper-V,  148, 650,4494, 248,15668, 928, 850
Hyper-V,  134, 980,4460, 240,15946, 906, 850
Hyper-V,  134, 682,4508, 236,15628, 900, 854
Hyper-V,  148, 684,4492, 252,15998, 908, 850
Hyper-V,  148, 720,4488, 246,15556, 950, 852
Hyper-V,  134, 678,4466, 238,15636,1212, 848
Hyper-V,  134, 664,4452, 236,15626, 908, 850
Hyper-V,  148, 708,4496, 248,15664, 904, 848
Hyper-V,  134, 678,4464, 234,15574, 902, 848
Hyper-V,  148, 714,4500, 254,15714,1018, 848
Hyper-V,  134, 674,4610, 236,15682,1002, 852
Hyper-V,  134, 670,4492, 232,15694, 836, 854
Hyper-V,  134, 642,4464, 234,15696, 944, 852
Hyper-V,  134, 726,4466, 236,15622,1008, 848
Hyper-V,  148, 702,4470, 248,15638,1338, 854
Hyper-V,  148, 612,4500, 248,15658,1008, 848
Hyper-V,  134, 730,4452, 236,15596,1328, 852
Hyper-V,  146, 766,4512, 246,15604, 902, 852
Hyper-V,  146, 658,4490, 250,15574, 930, 856
Hyper-V,  148, 654,4502, 250,15580,1728, 848
Hyper-V,  134, 802,4464, 238,15580,1348, 854
Hyper-V,  134, 636,4468, 238,15610, 906, 848
Hyper-V,  148, 706,4508, 244,15590,1054, 848
Hyper-V,  134, 612,4460, 234,15570,1334, 850
Hyper-V,  134, 718,5102, 230,15992, 832, 852
Hyper-V,  134, 624,4458, 232,15596, 844, 850
Hyper-V,  148, 580,4518, 248,15582, 834, 854
Hyper-V,  134, 676,4450, 234,15612,1356, 854
Hyper-V,  148, 690,4484, 248,15666, 890, 858
Hyper-V,  148, 670,4522, 252,15716,1004, 854
Hyper-V,  148, 618,4518, 248,16408, 944, 854
Hyper-V,  134, 674,4466, 242,15870, 840, 854
Hyper-V,  134, 680,4506, 240,15582, 898, 852
Hyper-V,  134, 680,4460, 234,15626, 912, 846
Hyper-V,  134, 640,4482, 232,15650, 914, 848
Hyper-V,  134, 658,4482, 232,15588, 888, 858
Hyper-V,  148, 676,4568, 250,15666, 928, 850
Hyper-V,  148, 758,4508, 246,15614, 904, 852
Hyper-V,  136, 676,4474, 236,15662, 898, 850
Hyper-V,  148, 590,4518, 246,15608, 902, 858
Hyper-V,  134, 670,4502, 234,15576, 906, 848
Hyper-V,  134, 614,4462, 238,15662,1108, 846
Hyper-V,  148, 682,4536, 246,15676, 940, 854
Hyper-V,  148, 650,4506, 252,15572,1326, 854
Hyper-V,  134, 622,4482, 232,15640, 892, 854
Hyper-V,  134, 626,4474, 234,15686, 910, 850
Hyper-V,  134, 624,4480, 232,15604, 966, 852
Hyper-V,  134, 654,4486, 238,15586,1336, 852
Hyper-V,  134, 652,4486, 236,15600, 898, 856
Hyper-V,  134, 674,4484, 236,15582, 838, 860
Hyper-V,  134, 680,4474, 242,15618,1314, 852
Hyper-V,  148, 600,4500, 246,15592, 932, 854
Hyper-V,  148, 702,4514, 246,15614, 838, 856
Hyper-V,  148, 642,4508, 246,15596,1346, 854
Hyper-V,  148, 634,4512, 248,15730, 906, 854
Hyper-V,  148, 690,4520, 248,15586,1302, 850
Hyper-V,  148, 654,4518, 254,15566, 892, 858
Hyper-V,  148, 692,4712, 254,15562, 918, 854
Hyper-V,  134, 626,4484, 234,15626, 892, 846
Hyper-V,  136, 664,4474, 234,15662, 926, 854
Hyper-V,  148, 652,4528, 252,15574, 944, 850
Hyper-V,  148, 656,4516, 256,15672, 908, 852
Hyper-V,  134, 626,4480, 236,15634, 908, 856
Hyper-V,  148, 684,4504, 250,15686, 902, 854
Hyper-V,  148, 856,4504, 250,15668, 900, 850
Hyper-V,  134,1166,4476, 232,15730,1342, 844
Hyper-V,  148, 676,4520, 246,15592, 998, 846
Hyper-V,  148, 632,4508, 246,15652, 940, 854
Hyper-V,  148, 654,4514, 252,15576, 898, 850
Hyper-V,  134, 664,4492, 242,16050, 914, 850
Hyper-V,  148, 596,4522, 250,15662, 936, 854
Hyper-V,  134, 666,4478, 238,15636, 944, 844
Hyper-V,  148, 604,4510, 248,15590, 926, 846
Hyper-V,  134, 656,4460, 232,15536, 910, 852
Hyper-V,  148, 656,4508, 254,15630, 918, 846
Hyper-V,  148,1150,4534, 250,15904,1318, 848
Hyper-V,  134, 636,4492, 240,15626, 928, 854
Hyper-V,  148, 702,4512, 252,15616,1342, 848
Hyper-V,  134, 622,4488, 238,15642,1014, 850
Hyper-V,  148, 788,4496, 248,15646,1314, 848
Hyper-V,  132, 620,4482, 242,15624, 908, 854
Hyper-V,  134, 668,4480, 234,15606, 908, 854
Hyper-V,  148, 640,4506, 248,15572,1332, 850
Hyper-V,  134, 690,4472, 234,15640, 930, 848
Hyper-V,  134, 656,4478, 234,15638, 898, 848
Hyper-V,  134, 660,4490, 236,15760, 934, 848
Hyper-V,  148, 668,4512, 250,15562, 910, 848
Hyper-V,  134, 690,4474, 236,15574, 920, 844
Hyper-V,  148, 688,4522, 254,15586, 920, 846
Hyper-V,  134, 710,4486, 238,15592,1358, 850
Hyper-V,  134, 668,4476, 234,15662, 936, 852
Hyper-V,  148, 718,4516, 248,15736,1326, 852
Hyper-V,  148, 588,4510, 248,15730, 898, 850
Hyper-V,  148, 642,4530, 252,15694, 910, 854
Hyper-V,  134, 620,4472, 234,15716,1314, 850
Hyper-V,  134, 642,4484, 238,15676, 900, 848
Hyper-V,  148, 650,4512, 248,15696, 908, 854
Hyper-V,  148, 692,4518, 252,16066,1320, 848
Hyper-V,  134,1198,4506, 234,15686, 918, 848
Hyper-V,  134, 652,4546, 238,15606, 910, 854
Hyper-V,  148, 634,4510, 252,15584, 926, 854
Hyper-V,  148, 966,4512, 248,15664,1324, 850
Hyper-V,  148, 672,4510, 254,15668, 922, 850
Hyper-V,  134, 646,4462, 234,15576, 940, 848
Hyper-V,  134, 628,4488, 238,15672, 934, 846
Hyper-V,  148, 798,4526, 252,15620, 898, 850
Hyper-V,  134, 644,4484, 236,15738, 918, 852
Hyper-V,  148, 672,4524, 248,15618, 916, 854
Hyper-V,  134, 622,4480, 236,15674, 898, 852
Hyper-V,  148, 656,4514, 248,15656,1322, 854
Hyper-V,  134, 644,4508, 236,15684, 902, 850
Hyper-V,  136, 654,4474, 240,15606, 914, 850
Hyper-V,  134, 620,4486, 236,15712, 902, 860
Hyper-V,  134, 666,4470, 234,15616, 902, 854
Hyper-V,  148, 730,4534, 248,15660, 936, 854
Hyper-V,  134, 660,4498, 232,15774, 898, 852
Hyper-V,  148, 762,4520, 252,15756, 914, 854
Hyper-V,  148, 668,4504, 248,15590, 890, 852
Hyper-V,  148, 652,4544, 250,15992, 904, 848
Hyper-V,  134, 666,4488, 232,15616, 896, 848
Hyper-V,  148, 914,4692, 254,15692, 888, 846
Hyper-V,  134, 618,4482, 234,15576, 892, 850
Hyper-V,  148, 748,4518, 248,15570, 896, 854
Hyper-V,  134, 660,4452, 232,15586, 922, 850
Hyper-V,  150, 622,4518, 254,15570,1308, 856
Hyper-V,  134, 638,4490, 242,15592, 904, 852
Hyper-V,  134, 628,4472, 236,15652, 832, 846
Hyper-V,  148, 580,4516, 252,15986, 840, 854
Hyper-V,  148, 666,4478, 248,15582,1340, 846
Hyper-V,  148, 698,4506, 254,15588, 918, 848
Hyper-V,  148, 656,4560, 258,15590,1346, 850
Hyper-V,  148, 680,4520, 246,15628, 836, 850
Hyper-V,  148, 646,4518, 250,15620,1332, 852
Hyper-V,  148, 708,4510, 250,15748, 904, 848
Hyper-V,  134, 636,4590, 242,15670,1866, 860
Hyper-V,  148, 708,4482, 246,15636, 902, 852
Hyper-V,  134,1024,4472, 236,15552, 912, 856
Hyper-V,  146, 640,4516, 254,15640, 892, 848
Hyper-V,  148, 732,4496, 248,15572, 906, 846
Hyper-V,  134, 676,4486, 232,15624, 902, 848
Hyper-V,  134, 664,4504, 234,15610, 898, 844
Hyper-V,  148, 710,4544, 256,15814, 898, 854
Hyper-V,  148, 660,4510, 246,15768, 900, 854
Hyper-V,  148, 652,4526, 248,15564, 906, 848
Hyper-V,  148, 724,4510, 254,15848, 900, 852
Hyper-V,  148, 688,4518, 250,15586, 896, 860
Hyper-V,  134, 710,4478, 240,15566, 902, 852
Hyper-V,  134, 686,4472, 236,15574, 906, 854
Hyper-V,  134, 640,4470, 234,15624,1334, 848
Hyper-V,  148, 694,4732, 250,15580, 900, 852
Hyper-V,  148, 662,4510, 250,15640,1326, 852
Hyper-V,  134, 664,4482, 232,15604, 896, 852
Hyper-V,  134, 714,4484, 236,15610, 900, 858
Hyper-V,  134, 668,4470, 236,15664, 898, 856
Hyper-V,  134, 642,4474, 238,15636,1324, 850
Hyper-V,  134, 702,4478, 236,15676,1108, 856
Hyper-V,  148, 670,4516, 250,15648,1320, 858
Hyper-V,  148, 828,4494, 246,15708, 906, 852
Hyper-V,  148, 952,4520, 256,15762, 908, 848
Hyper-V,  148, 630,4528, 250,15704, 936, 848
Hyper-V,  150, 648,4510, 250,15662, 910, 850
Hyper-V,  148, 622,4520, 248,15608, 906, 854
Hyper-V,  148, 646,4490, 250,15580,1332, 848
Hyper-V,  148, 744,4516, 250,15740,1006, 852
Hyper-V,  148, 646,4502, 246,15594,1344, 854
Hyper-V,  134, 668,4488, 238,15818,1128, 848
Hyper-V,  148, 698,4518, 248,15762,1006, 844
Hyper-V,  148, 668,4508, 250,15698, 922, 852
Hyper-V,  148, 720,4496, 250,15672, 898, 850
Hyper-V,  148, 716,4504, 250,15762,1108, 846
Hyper-V,  148, 754,4522, 248,15606,1000, 856
Hyper-V,  134, 664,4480, 242,15602,1022, 852
Hyper-V,  148,1078,4494, 254,15574,1034, 854
Hyper-V,  148, 668,4510, 250,15588, 904, 848
Hyper-V,  148, 704,4554, 250,15556, 912, 854
Hyper-V,  148, 708,4516, 252,15564, 926, 848
Hyper-V,  148, 704,4510, 250,15924, 892, 850
Hyper-V,  134, 662,4474, 234,15618, 906, 850
Hyper-V,  148, 660,4530, 254,15618, 898, 854
Hyper-V,  148, 660,4534, 246,15654, 898, 856
Hyper-V,  134, 698,4484, 236,15592, 904, 848
Hyper-V,  148, 702,4502, 252,15614, 900, 850
Hyper-V,  148, 652,4520, 250,15782, 902, 854
Hyper-V,  148, 696,4524, 250,15598, 898, 856
Hyper-V,  148, 706,4514, 246,15616, 926, 846
Hyper-V,  148, 654,4708, 248,15648, 904, 850
Hyper-V,  148, 642,4504, 254,15596, 940, 850
Hyper-V,  134, 662,4482, 238,15708, 980, 846
Hyper-V,  148, 696,4508, 250,15616, 904, 848
Hyper-V,  134, 684,4496, 234,15626, 926, 854
Hyper-V,  148, 692,4502, 254,15596, 916, 850
Hyper-V,  148, 634,4502, 246,15642, 924, 856
Hyper-V,  148, 674,4510, 248,15682,1328, 856
Hyper-V,  148, 688,4538, 252,15612, 898, 848
Hyper-V,  148, 718,4958, 246,15604, 902, 852
Hyper-V,  148, 648,4504, 248,15612,1334, 850
Hyper-V,  148, 682,4526, 252,15656,1360, 858
Hyper-V,  148, 682,4500, 248,15662, 922, 852
Hyper-V,  148, 672,4516, 248,15590, 900, 856
Hyper-V,  148, 644,4514, 248,15654, 906, 846
Hyper-V,  134, 612,4496, 232,15588, 832, 854
Hyper-V,  134, 674,4468, 238,15662,1074, 848
Hyper-V,  148, 664,4506, 246,15690, 986, 852
Hyper-V,  134, 674,4490, 236,15618,1008, 850
Hyper-V,  148, 688,4524, 252,15666, 898, 854
Hyper-V,  134, 610,4484, 234,15570, 902, 854
Hyper-V,  134, 660,4460, 234,15598, 980, 850
Hyper-V,  148, 620,4550, 246,15726, 844, 844
Hyper-V,  148, 618,4494, 248,15664, 834, 850
Hyper-V,  134, 620,4472, 238,15838, 838, 844
Hyper-V,  148, 640,4514, 248,16096, 966, 854
Hyper-V,  134, 662,4474, 236,15586, 898, 856
Hyper-V,  148, 676,4496, 248,15682, 924, 852
Hyper-V,  148, 608,4520, 246,15626, 894, 856
Hyper-V,  134, 712,4676, 240,16446, 836, 854
Hyper-V,  148, 708,4512, 248,15722,1016, 844
Hyper-V,  134, 618,4494, 232,15626, 924, 854
Hyper-V,  148, 696,4520, 250,15694, 994, 846
Hyper-V,  148, 746,4522, 246,15622,1002, 852
Hyper-V,  148, 648,4510, 248,15642, 976, 854
Hyper-V,  134, 644,4488, 236,15926,1046, 852
Hyper-V,  148, 684,4526, 246,15608, 908, 858
Hyper-V,  134, 656,4492, 236,15610, 910, 854
Hyper-V,  148, 614,4508, 248,15598,1310, 854
Hyper-V,  148, 620,4512, 250,15616,1118, 852
Hyper-V,  148, 640,4514, 246,15910,1328, 854
Hyper-V,  134, 684,4478, 236,15638, 904, 850
Hyper-V,  148, 694,4506, 248,15568,1360, 856
Hyper-V,  148, 684,4538, 252,15586, 960, 856
Hyper-V,  134, 638,4480, 232,15622, 834, 862
Hyper-V,  134, 688,4474, 238,15576, 900, 856
Hyper-V,  134, 560,4726, 234,16300, 838, 852
Hyper-V,  134, 594,4484, 232,15580, 842, 852
Hyper-V,  148, 796,4528, 250,15586,1096, 852
Hyper-V,  148, 864,4506, 248,15584,1048, 850
Hyper-V,  148, 802,4506, 248,15670, 838, 850
Hyper-V,  148, 672,4716, 248,15560, 902, 850
Hyper-V,  148, 756,4518, 252,16044,1008, 854
Hyper-V,  134, 676,4452, 236,15600, 940, 854
Hyper-V,  148, 674,4506, 246,16012, 906, 848
Hyper-V,  134, 618,4476, 234,15654, 838, 844
Hyper-V,  148, 686,4506, 248,15894, 916, 852
Hyper-V,  134, 790,4472, 232,15540, 888, 850
Hyper-V,  148, 658,4486, 250,15556, 930, 852
Hyper-V,  148, 642,4506, 246,15572, 904, 850
Hyper-V,  148, 666,4500, 250,15578, 908, 852
Hyper-V,  134, 636,4478, 236,15590, 864, 854
Hyper-V,  148, 702,4502, 246,15578, 914, 846
Hyper-V,  134, 710,4468, 234,15618, 928, 854
Hyper-V,  148, 810,4504, 246,15654, 840, 854
Hyper-V,  134, 664,4514, 234,16012,1020, 854
Hyper-V,  148, 668,4510, 246,15652,1004, 844
Hyper-V,  134, 686,4484, 238,15578, 944, 850
Hyper-V,  148, 604,4504, 248,15606, 908, 846
Hyper-V,  148, 784,4510, 248,15658, 838, 856
Hyper-V,  148, 702,4502, 248,15608, 922, 858
Hyper-V,  148, 654,4508, 248,15614, 932, 862
Hyper-V,  148, 664,4526, 246,15592, 838, 850
Hyper-V,  148, 654,4514, 252,15602, 840, 856
Hyper-V,  134, 670,4480, 236,16064,1146, 848
Hyper-V,  134, 696,4492, 236,15600, 982, 852
Hyper-V,  134, 692,4468, 236,16296,1094, 850
Hyper-V,  148, 598,4508, 250,15576, 952, 856
Hyper-V,  134, 702,4472, 236,15680, 838, 850
Hyper-V,  134, 618,4472, 234,15606, 840, 858
Hyper-V,  134, 812,4488, 236,15680, 840, 848
Hyper-V,  134, 678,4468, 236,15732, 900, 848
Hyper-V,  148, 598,4516, 248,15606, 910, 848
Hyper-V,  134, 664,4470, 236,15722, 900, 852
Hyper-V,  146, 654,4494, 250,15540, 904, 852
Hyper-V,  134, 700,4458, 232,15650, 904, 854
Hyper-V,  134, 610,4468, 232,15580, 906, 852
Hyper-V,  134, 994,4480, 238,15710, 928, 850
Hyper-V,  134, 626,4490, 238,15604, 908, 852
Hyper-V,  148, 688,4482, 252,15626, 898, 854
Hyper-V,  134, 634,4462, 232,15546, 906, 856
Hyper-V,  148, 680,4496, 246,15582,1322, 850
Hyper-V,  148, 636,4510, 250,15582, 912, 848
Hyper-V,  148, 660,4498, 246,15552,1448, 852
Hyper-V,  150, 648,4514, 250,15592, 904, 858
Hyper-V,  134, 656,4474, 232,15718, 918, 854
Hyper-V,  148, 614,4538, 254,15654, 908, 852
Hyper-V,  134, 674,4482, 232,15632,1322, 848
Hyper-V,  148, 600,4508, 250,15634, 910, 854
Hyper-V,  136, 686,4452, 236,15984,1338, 852
Hyper-V,  148, 676,4508, 256,15682,1320, 852
Hyper-V,  134, 686,4484, 234,15570, 904, 852
Hyper-V,  148, 568,4486, 248,15590, 840, 850
Hyper-V,  148, 606,4494, 254,15626,1328, 850
Hyper-V,  148, 642,4490, 246,15604,1348, 854
Hyper-V,  148, 664,4516, 246,15578, 938, 850
Hyper-V,  134, 626,4592, 232,15526, 902, 854
Hyper-V,  134, 676,4538, 234,15648,1328, 858
Hyper-V,  134, 602,4424, 232,15270, 834, 856
Hyper-V,  148, 670,4526, 252,15640, 834, 852
Hyper-V,  134, 680,4502, 240,15668,1038, 854
Hyper-V,  134, 664,4586, 232,15608, 834, 846
Hyper-V,  134, 648,4480, 236,15608, 914, 850
Hyper-V,  148, 714,4586, 250,15670, 840, 854
Hyper-V,  148, 608,4512, 246,15592,1152, 854
Hyper-V,  134, 910,4478, 232,15588,1180, 850
Hyper-V,  148, 668,4514, 254,16166, 904, 856
Hyper-V,  134, 700,4488, 234,15590, 902, 848
Hyper-V,  134, 676,4472, 232,15626, 916, 848
Hyper-V,  148, 666,4512, 250,15832, 898, 846
Hyper-V,  134, 686,4474, 236,15666, 842, 850
Hyper-V,  134, 640,4488, 234,15682, 892, 852
Hyper-V,  148, 656,4506, 246,15618, 840, 854
Hyper-V,  134, 612,4476, 238,15572, 902, 858
Hyper-V,  148, 716,4498, 248,15650, 838, 852
Hyper-V,  148, 622,4502, 250,15590,1160, 846
Hyper-V,  134, 694,4480, 232,15672, 838, 844
Hyper-V,  132, 602,4472, 240,15602, 898, 858
Hyper-V,  134, 672,4474, 234,15600, 842, 852
Hyper-V,  134, 620,4482, 236,15594, 936, 858
Hyper-V,  134, 658,4486, 232,15736, 840, 846
Hyper-V,  134, 680,4466, 234,15584, 946, 854
Hyper-V,  134, 678,4472, 234,15706, 836, 848
Hyper-V,  148, 666,4508, 248,15662,1112, 848
Hyper-V,  134, 924,4472, 234,15738,1106, 854
Hyper-V,  148, 678,4522, 250,15762,1010, 854
Hyper-V,  134, 632,4454, 238,15588,1218, 848
Hyper-V,  148, 756,4966, 250,15616, 838, 854
Hyper-V,  134, 670,4526, 234,15708,1088, 856
Hyper-V,  134, 624,4478, 236,15596, 970, 852
Hyper-V,  148, 744,4502, 246,15582,1362, 850
Hyper-V,  134, 642,4480, 238,15592,1122, 852
Hyper-V,  148, 646,4530, 246,16042,1352, 848
Hyper-V,  134, 712,4492, 236,15680, 912, 850
Hyper-V,  148, 670,4564, 246,15734,1178, 846
Hyper-V,  148, 634,4812, 246,15714,1340, 854
Hyper-V,  148, 610,4518, 252,15604, 946, 850
Hyper-V,  136, 654,4470, 232,15642, 900, 854
Hyper-V,  134, 688,4482, 238,15798,1324, 848
Hyper-V,  148, 670,4512, 252,15596, 940, 844
Hyper-V,  148, 664,4572, 248,15592, 840, 852
Hyper-V,  134, 708,4480, 236,15800,1358, 846
Hyper-V,  148, 680,4506, 250,15826, 910, 846
Hyper-V,  134, 674,4804, 234,15628,1352, 858
Hyper-V,  148, 652,4524, 252,16172, 912, 854
Hyper-V,  148, 686,4500, 248,15712,1328, 850
Hyper-V,  148, 838,4506, 246,15816,1360, 856
Hyper-V,  148, 722,4510, 248,15668,1048, 854
Hyper-V,  148, 744,4506, 254,15750, 900, 858
Hyper-V,  148, 772,4512, 248,15610, 926, 858
Hyper-V,  148, 724,4532, 250,15730,1028, 848
Hyper-V,  148, 718,4518, 248,15622,1242, 852
Hyper-V,  148, 682,4506, 252,15668,1110, 856
Hyper-V,  134, 676,4510, 240,15926,1058, 852
Hyper-V,  134, 714,4480, 236,15618, 926, 854
Hyper-V,  134, 642,4472, 234,15608,1338, 858
Hyper-V,  134, 724,4512, 238,15908,1168, 850
Hyper-V,  134, 698,4470, 232,15780, 936, 850
Hyper-V,  148, 686,4486, 246,15904,1420, 852
Hyper-V,  148, 702,4512, 250,15812,1116, 846
Hyper-V,  134, 694,4532, 240,15946,1222, 858
Hyper-V,  134, 964,4474, 232,15818, 916, 852
Hyper-V,  148, 692,4512, 246,15898, 898, 852
Hyper-V,  304, 964,35060, 318,15862,1332, 854
Hyper-V,  148, 682,4496, 248,15792, 916, 852
Hyper-V,  134, 740,4472, 234,15694, 918, 854
Hyper-V,  134, 652,4482, 234,15758,1310, 856
Hyper-V,  134, 646,4462, 232,15558,1086, 848
Hyper-V,  134, 712,4498, 232,16476,1092, 854
Hyper-V,  148, 640,4514, 248,15566, 844, 856
Hyper-V,  148, 720,4504, 248,16170, 954, 860
Hyper-V,  134, 716,4464, 234,15584, 900, 854
Hyper-V,  148, 628,4508, 246,15552, 838, 858
Hyper-V,  134, 772,4480, 234,15616, 920, 850
Hyper-V,  148, 632,4512, 248,15588, 836, 846
Hyper-V,  148, 678,4510, 248,15592,1966, 850
Hyper-V,  148, 676,4484, 252,15644, 908, 846
Hyper-V,  148, 630,4508, 250,15648,1334, 852
Hyper-V,  148, 668,4522, 248,15590, 906, 850
Hyper-V,  148, 696,4512, 248,15602,1330, 850
Hyper-V,  148, 652,4526, 252,15758, 912, 854
Hyper-V,  136, 638,4474, 234,15562,1312, 848
Hyper-V,  150, 630,4520, 256,15618, 914, 858
Hyper-V,  148, 676,4510, 252,15596, 832, 854
Hyper-V,  148, 668,4516, 252,15646,1048, 860
Hyper-V,  134, 886,4516, 236,16044,1398, 856
Hyper-V,  148, 614,4518, 248,15792,1216, 852
Hyper-V,  134, 640,4468, 234,15870, 906, 854
Hyper-V,  148, 770,4556, 248,15672, 894, 852
Hyper-V,  134, 658,4532, 234,15666, 916, 844
Hyper-V,  148, 694,4766, 246,15618, 902, 856
Hyper-V,  148, 690,4508, 250,15610, 910, 852
Hyper-V,  148, 688,4498, 248,15762, 924, 846
Hyper-V,  148, 670,4506, 254,15672, 900, 848
Hyper-V,  148, 700,4520, 248,15634, 898, 846
Hyper-V,  136,1008,4482, 236,15596, 906, 848
Hyper-V,  148, 654,4508, 246,15614, 896, 848
Hyper-V,  134, 616,4606, 234,15616,1342, 844
Hyper-V,  134, 680,4484, 234,15584, 834, 854
Hyper-V,  148, 688,4510, 248,15822,1350, 856
Hyper-V,  134, 662,4470, 232,15622, 922, 850
Hyper-V,  148, 668,4520, 248,15658, 902, 852
Hyper-V,  134, 640,4474, 232,15948, 938, 854
Hyper-V,  148, 630,4510, 250,15608, 898, 850
Hyper-V,  148, 702,4490, 254,15678, 952, 850
Hyper-V,  134, 670,4486, 236,15658, 888, 846
Hyper-V,  148, 654,4508, 252,15658, 904, 852
Hyper-V,  148, 610,4514, 252,15708,1318, 852
Hyper-V,  134, 542,7406, 234,19132, 842, 854
Hyper-V,  134, 532,5892, 232,17022, 828, 846
Hyper-V,  134, 474,5320, 240,16842, 832, 850
Hyper-V,  134, 652,4668, 238,15776, 832, 850
Hyper-V,  134, 510,4880, 232,16352, 838, 848
Hyper-V,  134, 692,4668, 232,15918, 830, 842
Hyper-V,  132, 726,6038, 238,17074, 830, 848
Hyper-V,  134, 684,5220, 234,16098,1214, 846
Hyper-V,  134, 718,4870, 236,15594, 836, 852
Hyper-V,  134, 634,4932, 234,15634, 838, 850
Hyper-V,  134, 912,4716, 238,15566, 828, 846
Hyper-V,  132, 652,4608, 238,15444, 836, 842
Hyper-V,  146, 600,4642, 252,15282, 830, 856
Hyper-V,  134, 532,4522, 240,15492, 830, 850
Hyper-V,  132, 702,4638, 230,15582, 828, 848
Hyper-V,  134, 788,4538, 232,15412,1122, 850
Hyper-V,  134, 714,4570, 234,15306, 992, 846
Hyper-V,  134, 672,4548, 232,15390, 830, 850
Hyper-V,  134, 624,4452, 234,15544, 830, 844
Hyper-V,  134, 658,4472, 234,15302, 830, 844
Hyper-V,  134, 634,4534, 230,15474, 834, 858
Hyper-V,  134, 830,4432, 230,15320, 962, 850
Hyper-V,  134, 666,4442, 238,15446, 832, 850
Hyper-V,  134, 840,4470, 234,15472,1418, 842
Hyper-V,  134, 638,4450, 236,15460, 832, 848
Hyper-V,  134, 674,4456, 234,15470, 838, 848
Hyper-V,  134, 634,4454, 234,15502, 832, 850
Hyper-V,  134, 688,4478, 232,15482, 832, 850
Hyper-V,  134, 636,4482, 234,15462, 836, 850
Hyper-V,  134, 644,4438, 232,15362, 836, 848
Hyper-V,  134, 662,4442, 240,15518, 836, 852
Hyper-V,  134, 684,4418, 236,15490, 836, 848
Hyper-V,  134, 620,4428, 232,15408, 838, 854
Hyper-V,  134, 806,4418, 242,15780,1168, 856
Hyper-V,  134, 626,4462, 236,15350, 832, 848
Hyper-V,  134, 842,4420, 236,15414, 838, 854
Hyper-V,  134, 638,4444, 236,15392, 838, 846
Hyper-V,  134, 624,4428, 234,15336, 840, 858
Hyper-V,  134, 622,4448, 238,15392, 838, 848
Hyper-V,  134, 620,4420, 232,15424, 834, 852
Hyper-V,  134, 646,4402, 232,15384, 838, 854
Hyper-V,  134, 636,4400, 234,15346, 838, 846
Hyper-V,  134, 648,4524, 232,15402, 834, 858
Hyper-V,  134, 886,4514, 234,15348,1418, 854
Hyper-V,  134, 636,4510, 234,15334, 834, 850
Hyper-V,  134, 646,4552, 234,15310, 832, 846
Hyper-V,  134, 868,4554, 236,15224, 838, 850
Hyper-V,  134, 832,4536, 232,15388, 840, 848
Hyper-V,  134, 536,4550, 238,15274, 834, 846
Hyper-V,  134, 636,4520, 234,15372, 834, 846
Hyper-V,  136, 660,4520, 234,15404, 836, 854
Hyper-V,  134, 644,4538, 232,15488, 838, 850
Hyper-V,  134, 670,4488, 238,15368, 838, 852
Hyper-V,  148, 852,4464, 248,15410,1350, 850
Hyper-V,  134, 730,4422, 238,15412, 940, 852
Hyper-V,  148, 650,4464, 252,15322, 838, 854
Hyper-V,  134, 616,4440, 234,15338, 838, 844
Hyper-V,  134, 642,4434, 232,15262, 832, 854
Hyper-V,  134, 642,4490, 236,15484, 838, 858
Hyper-V,  134, 668,4434, 234,15318, 834, 846
Hyper-V,  134, 642,4424, 236,15218, 838, 844
Hyper-V,  134, 636,4436, 232,15264, 846, 852
Hyper-V,  134, 836,4426, 234,15316, 844, 852
Hyper-V,  134, 650,4428, 232,15214, 840, 860
Hyper-V,  134, 640,4430, 236,15244, 836, 846
Hyper-V,  134, 782,4430, 236,15300,1362, 850
Hyper-V,  134, 636,4412, 232,15366, 832, 856
Hyper-V,  134, 618,4444, 234,15284, 836, 852
Hyper-V,  134, 642,4400, 232,15554, 834, 852
Hyper-V,  134, 632,4414, 236,15234, 834, 846
Hyper-V,  134, 634,4426, 232,15256, 834, 846
Hyper-V,  134, 664,4408, 232,15264, 838, 846
Hyper-V,  134, 650,4460, 236,15228, 840, 854
Hyper-V,  134, 646,4422, 236,15306, 834, 852
Hyper-V,  134, 678,4412, 236,15254, 836, 850
Hyper-V,  134, 876,4474, 232,15520,1434, 856
Hyper-V,  134, 670,5528, 236,16282, 834, 858
Hyper-V,  134, 696,5004, 236,15794, 832, 856
Hyper-V,  134,23994,3364, 154,10822, 828, 584
Hyper-V,   90, 490,3642, 154,11716, 580, 582
Hyper-V,   90, 506,3504, 154,10998, 576, 584
Hyper-V,   90, 544,3058, 156,10752, 570, 586
