Platform, cli, lgdt, prot, in 32, id map, long, in 64
KVM Noserial,   92,137154,99641, 224,1038207, 765, 205
KVM Noserial,   55, 236,103361, 569,483000, 722, 180
KVM Noserial,   92, 193,101357, 220,484426, 771, 183
KVM Noserial,   37, 193,101042, 245,477837, 924, 198
KVM Noserial,   34, 183,103404, 211,464338,1062, 186
KVM Noserial,   37, 199,103315, 232,466076, 817, 208
KVM Noserial,   83, 183,104340, 373,470524,1495, 184
KVM Noserial,   37, 190,102421, 233,483389, 841, 193
KVM Noserial,   40, 183,96864, 263,466309, 942, 205
KVM Noserial,   95, 269,102348, 227,475729, 973, 208
KVM Noserial,   77, 196,103978, 217,537864, 801, 224
KVM Noserial,   95, 180,97161, 229,473861, 844, 199
KVM Noserial,   71, 171,101002, 309,474736,1159, 190
KVM Noserial,   34, 168,60393, 199,264270, 679, 165
KVM Noserial,   89, 177,58935, 199,262306, 679, 168
KVM Noserial,   89, 174,60510, 202,262364, 679, 168
KVM Noserial,   27, 175,58827, 202,262799, 679, 165
KVM Noserial,   34, 168,59121, 202,262141, 679, 165
KVM Noserial,   89, 174,59164, 202,262588, 679, 168
KVM Noserial,   31, 333,97414, 401,461665, 728, 199
KVM Noserial,   95, 202,103462, 260,473160,1147, 171
KVM Noserial,   82, 181,59907, 199,263049, 679, 172
KVM Noserial,   89, 181,58980, 202,262499, 679, 168
KVM Noserial,   95, 208,92569, 208,600053,30743, 169
KVM Noserial,  172, 256,100746, 223,476718, 889, 202
KVM Noserial,   38, 158,58751, 196,286051, 757, 170
KVM Noserial,   27, 193,99213, 205,466580, 912, 178
KVM Noserial,   98, 193,100268, 264,486661, 930, 199
KVM Noserial,   95, 187,84279, 193,372462, 679, 165
KVM Noserial,   27, 158,57069, 196,252833, 654, 166
KVM Noserial,   63, 190,93276, 211,463965, 885, 193
KVM Noserial,   92, 181,99097, 205,466345, 918, 173
KVM Noserial,   51, 270,97285, 220,464630,1040, 193
KVM Noserial,   68, 205,159829, 233,479441,1174, 190
KVM Noserial,   27, 243,91030, 205,442449, 698, 184
KVM Noserial,   27, 190,89737, 185,263114, 665, 155
KVM Noserial,   75, 172,57524, 199,253778, 665, 155
KVM Noserial,   27, 169,56829, 202,252827, 654, 166
KVM Noserial,   72, 196,96440, 226,459746, 820, 199
KVM Noserial,   89, 199,101421, 217,470240, 811, 170
KVM Noserial,   27, 190,100803, 410,461071, 852, 167
KVM Noserial,  226, 181,100048, 205,449702, 897, 182
KVM Noserial,   33, 193,97243, 205,469275, 853, 187
KVM Noserial,   95, 179,99210, 368,469186,1191, 170
KVM Noserial,   95, 202,101254, 211,450959, 972, 199
KVM Noserial,   74, 261,99136, 226,470139, 782, 172
KVM Noserial,   27, 193,99415, 253,451853,1189, 181
KVM Noserial,   30, 172,95956, 318,471028, 758, 178
KVM Noserial,   38, 182,99807, 223,457784, 900, 176
KVM Noserial,   30, 303,222551, 217,461421, 859, 175
KVM Noserial,   74, 226,101605, 208,466223, 936, 184
KVM Noserial,   38, 170,93398, 249,523353,1068, 183
KVM Noserial,  149, 169,97285, 303,457722,1055, 178
KVM Noserial,   38, 229,97766, 226,466909, 797, 178
KVM Noserial,   86, 175,59298, 199,255840, 657, 166
KVM Noserial,   27, 169,56722, 193,253288, 668, 155
KVM Noserial,   86, 161,56828, 193,253867, 654, 169
KVM Noserial,   86, 164,56891, 193,253341, 665, 155
KVM Noserial,   86, 161,56816, 199,253725, 665, 155
KVM Noserial,   27, 166,56888, 193,253805, 668, 155
KVM Noserial,   27, 161,57868, 196,282072, 731, 205
KVM Noserial,   27, 169,58000, 196,412609, 945, 214
KVM Noserial,   36, 187,100565, 205,463846,1061, 826
KVM Noserial,  104, 199,101965, 237,490001, 850, 175
KVM Noserial,  137, 184,98672, 223,464096, 823, 208
KVM Noserial,   27, 259,98764, 229,398097, 654, 166
KVM Noserial,   31, 159,62831, 190,254795, 650, 156
KVM Noserial,   38, 158,58977, 193,254607, 665, 158
KVM Noserial,   38, 161,56484, 196,250658, 668, 155
KVM Noserial,   75, 175,56172, 196,248795, 662, 155
KVM Noserial,   86, 161,56121, 193,247529, 651, 155
KVM Noserial,   27, 169,56240, 185,247977, 654, 169
KVM Noserial,   27, 169,56095, 175,275767, 633, 159
KVM Noserial,   83, 159,54462, 167,240572, 636, 156
KVM Noserial,   29, 159,54291, 167,239833, 638, 156
KVM Noserial,   81, 159,54894, 191,241780, 638, 159
KVM Noserial,   81, 162,54689, 165,271336, 654, 155
KVM Noserial,   29, 159,55100, 188,240061, 638, 156
KVM Noserial,   29, 159,54536, 188,240471, 647, 159
KVM Noserial,   29, 162,54149, 188,240442, 647, 159
KVM Noserial,   81, 159,53947, 193,240691, 647, 156
KVM Noserial,   81, 159,53927, 188,239454, 647, 156
KVM Noserial,   29, 159,53996, 185,239954, 647, 156
KVM Noserial,   27, 169,126703, 208,315802, 642, 159
KVM Noserial,   81, 162,54424, 188,239682, 650, 156
KVM Noserial,   81, 162,53438, 162,319950, 688, 175
KVM Noserial,   29, 159,54115, 190,306165, 647, 159
KVM Noserial,   29, 159,54617, 188,240352, 645, 161
KVM Noserial,   81, 164,53508, 165,239096, 647, 159
KVM Noserial,   81, 159,54357, 188,239163, 650, 156
KVM Noserial,   29, 159,54233, 185,240350, 647, 159
KVM Noserial,   38, 161,134261, 196,251980, 663, 166
KVM Noserial,   29, 161,54826, 190,240451, 647, 156
KVM Noserial,   38, 158,87164, 190,240076, 644, 156
KVM Noserial,   31, 165,54080, 185,238622, 670, 156
KVM Noserial,   82, 175,88611, 193,247877, 674, 158
KVM Noserial,   81, 164,54112, 188,238507, 647, 156
KVM Noserial,   83, 162,54542, 185,239463, 650, 156
KVM Noserial,   38, 158,55848, 193,269702, 647, 159
KVM Noserial,   29, 159,54207, 188,351175, 688, 168
KVM Noserial,   29, 159,54860, 188,272685, 663, 166
KVM Noserial,   27, 169,55798, 193,272524, 645, 156
KVM Noserial,   81, 162,54519, 191,240269, 647, 156
KVM Noserial,   75, 169,56008, 185,247089, 674, 158
KVM Noserial,   38, 158,55851, 175,247232, 674, 155
KVM Noserial,   38, 158,55943, 196,248474, 654, 166
KVM Noserial,   27, 161,55871, 185,247680, 657, 166
KVM Noserial,   86, 161,55824, 193,284550, 654, 166
KVM Noserial,   86, 172,55866, 193,276986, 635, 156
KVM Noserial,   81, 162,53857, 188,240058, 641, 156
KVM Noserial,   75, 169,56053, 196,248626, 665, 155
KVM Noserial,   86, 175,55881, 175,248688, 654, 166
KVM Noserial,   38, 158,55907, 164,246946, 651, 169
KVM Noserial,   86, 161,55738, 175,273141, 633, 161
KVM Noserial,   86, 158,56124, 172,305263, 676, 165
KVM Noserial,   89, 168,89123, 196,276362, 636, 156
KVM Noserial,   81, 167,54759, 188,239726, 635, 156
KVM Noserial,   29, 159,53806, 190,240171, 633, 159
KVM Noserial,   86, 172,55637, 193,248138, 651, 158
KVM Noserial,   27, 169,55426, 196,247235, 654, 166
KVM Noserial,   86, 169,55706, 196,318782, 651, 166
KVM Noserial,   38, 161,55806, 193,247574, 668, 155
KVM Noserial,   75, 169,56219, 182,247698, 651, 169
KVM Noserial,   38, 158,52992, 182,248839, 654, 166
KVM Noserial,   89, 168,58225, 195,257052, 679, 165
KVM Noserial,   89, 171,57757, 174,277901, 654, 166
KVM Noserial,   89, 171,57316, 202,278704, 654, 166
KVM Noserial,   27, 158,56082, 161,279375, 679, 165
KVM Noserial,   38, 161,56062, 196,246471, 651, 169
KVM Noserial,   38, 158,55227, 199,247963, 668, 155
KVM Noserial,   86, 172,55397, 199,247853, 665, 158
KVM Noserial,   89, 171,57634, 199,279004, 651, 169
KVM Noserial,   38, 161,56252, 196,277462, 676, 175
KVM Noserial,   27, 168,61018, 202,284070, 654, 166
KVM Noserial,   82, 178,57331, 199,279133, 665, 155
KVM Noserial,   86, 158,55863, 196,246750, 651, 169
KVM Noserial,   27, 169,55465, 172,247003, 654, 166
KVM Noserial,   38, 158,56074, 172,247603, 654, 166
KVM Noserial,   38, 158,55993, 182,246729, 654, 169
KVM Noserial,   75, 172,56077, 196,246955, 654, 166
KVM Noserial,   75, 169,56092, 172,247630, 654, 166
KVM Noserial,   27, 169,54820, 196,247913, 665, 155
KVM Noserial,   27, 172,55551, 196,283965, 679, 165
KVM Noserial,   86, 161,56192, 182,247139, 651, 166
KVM Noserial,   27, 169,55186, 172,246412, 665, 155
KVM Noserial,   86, 169,56086, 196,248361, 654, 169
KVM Noserial,   27, 169,56101, 196,246495, 665, 155
KVM Noserial,   27, 169,55940, 193,247211, 654, 166
KVM Noserial,   27, 169,55723, 182,246393, 630, 158
KVM Noserial,   27, 172,55801, 196,246409, 665, 155
KVM Noserial,   27, 169,55548, 193,247360, 662, 155
KVM Noserial,   38, 158,55557, 193,247829, 651, 166
KVM Noserial,   27, 169,55952, 161,246186, 665, 155
KVM Noserial,   86, 161,56044, 193,247772, 654, 158
KVM Noserial,   27, 169,56136, 185,248435, 665, 155
KVM Noserial,   27, 169,121520, 196,250224, 662, 155
KVM Noserial,   27, 169,56178, 196,248299, 677, 155
KVM Noserial,   27, 158,56213, 193,247856, 663, 166
KVM Noserial,   81, 162,54334, 191,239555, 647, 159
KVM Noserial,   86, 172,55397, 199,247579, 663, 169
KVM Noserial,   27, 169,55397, 196,248384, 663, 169
KVM Noserial,   27, 169,56154, 164,247529, 674, 158
KVM Noserial,   27, 169,56041, 196,312210, 685, 168
KVM Noserial,   86, 158,56293, 193,328554, 663, 169
KVM Noserial,   86, 172,55539, 185,247778, 666, 166
KVM Noserial,   27, 172,55587, 193,274553, 644, 156
KVM Noserial,   86, 169,56136, 188,248093, 660, 166
KVM Noserial,   27, 169,55218, 182,247344, 663, 166
KVM Noserial,   75, 172,55842, 196,247193, 663, 166
KVM Noserial,   27, 169,55619, 199,247856, 663, 166
KVM Noserial,   27, 158,56210, 193,247562, 674, 155
KVM Noserial,   86, 161,55741, 196,245267, 663, 169
KVM Noserial,   34, 171,61583, 202,282612, 663, 169
KVM Noserial,   27, 172,55628, 185,247222, 663, 155
KVM Noserial,   38, 158,56041, 196,245767, 663, 166
KVM Noserial,   27, 169,55501, 196,245683, 663, 169
KVM Noserial,   38, 158,56035, 196,247749, 674, 155
KVM Noserial,   27, 169,56038, 196,247256, 674, 155
KVM Noserial,   75, 172,55619, 196,246486, 663, 166
KVM Noserial,   86, 161,55928, 175,246311, 663, 169
KVM Noserial,   38, 161,57072, 196,247496, 666, 166
KVM Noserial,   38, 158,55812, 196,246861, 674, 155
KVM Noserial,   27, 168,89440, 196,247879, 666, 166
KVM Noserial,   27, 172,55625, 196,247425, 663, 166
KVM Noserial,   86, 161,56050, 193,272198, 647, 159
KVM Noserial,   81, 159,54227, 188,239804, 647, 156
KVM Noserial,   29, 162,54138, 190,239683, 647, 159
KVM Noserial,   31, 159,54300, 188,269290, 674, 155
KVM Noserial,   81, 162,53996, 185,240433, 647, 156
KVM Noserial,   27, 158,55747, 196,246524, 666, 166
KVM Noserial,   86, 172,55664, 196,246418, 674, 158
KVM Noserial,   86, 161,56038, 196,248189, 674, 158
KVM Noserial,   86, 169,55759, 196,248355, 663, 166
KVM Noserial,   86, 172,55905, 196,246664, 663, 166
KVM Noserial,   27, 169,55373, 199,247559, 674, 155
KVM Noserial,   81, 159,53898, 187,240477, 647, 159
KVM Noserial,   31, 159,54332, 187,280379, 647, 159
KVM Noserial,   86, 161,55848, 193,248527, 663, 169
KVM Noserial,   75, 172,55640, 175,247360, 674, 155
KVM Noserial,   27, 169,55459, 196,247517, 663, 169
KVM Noserial,   75, 172,55866, 193,247202, 663, 169
KVM Noserial,   75, 169,55625, 196,247461, 671, 155
KVM Noserial,   86, 241,55878, 196,249199, 674, 155
KVM Noserial,   27, 169,55976, 196,249413, 671, 158
KVM Noserial,   38, 158,56017, 199,318968, 698, 165
KVM Noserial,   38, 158,55990, 182,248607, 663, 169
KVM Noserial,   27, 169,55845, 193,248156, 660, 166
KVM Noserial,   86, 164,55785, 185,247793, 663, 169
KVM Noserial,   27, 169,55286, 185,247104, 674, 158
KVM Noserial,   27, 169,55970, 193,248171, 674, 158
KVM Noserial,   27, 169,55723, 185,247401, 677, 155
KVM Noserial,   86, 158,55676, 196,247074, 663, 166
KVM Noserial,   38, 158,55732, 196,246563, 663, 166
KVM Noserial,   27, 169,56309, 196,248480, 662, 155
KVM Noserial,   86, 172,55765, 199,246581, 654, 155
KVM Noserial,   27, 158,55776, 196,248216, 662, 158
KVM Noserial,   27, 158,55503, 196,248171, 662, 158
KVM Noserial,   86, 161,55387, 182,247436, 654, 155
KVM Noserial,   86, 172,55513, 196,248301, 651, 166
KVM Noserial,   86, 169,55147, 175,247859, 654, 166
KVM Noserial,   27, 169,55925, 185,246468, 662, 155
KVM Noserial,   86, 161,55904, 196,304941, 682, 165
KVM Noserial,   27, 169,55539, 193,248323, 665, 155
KVM Noserial,   27, 169,88329, 202,255852, 676, 168
KVM Noserial,   34, 168,57711, 202,256485, 679, 175
KVM Noserial,   27, 175,58230, 202,255339, 685, 165
KVM Noserial,   82, 178,57276, 202,256027, 682, 165
KVM Noserial,   82, 178,88417, 193,248510, 662, 158
KVM Noserial,   86, 158,55800, 199,283055, 682, 165
KVM Noserial,   75, 172,56368, 196,247086, 654, 166
KVM Noserial,   86, 161,55470, 185,248191, 651, 169
KVM Noserial,   86, 172,55961, 193,252738, 654, 166
KVM Noserial,   75, 172,56231, 196,247488, 662, 158
KVM Noserial,   27, 169,55819, 193,248093, 654, 169
KVM Noserial,   86, 169,55685, 196,248432, 651, 155
KVM Noserial,   27, 169,55590, 193,247793, 663, 166
KVM Noserial,   27, 169,55753, 196,247645, 674, 155
KVM Noserial,   29, 162,54528, 185,240202, 647, 159
KVM Noserial,   31, 159,54216, 191,239668, 647, 156
KVM Noserial,   38, 161,55530, 196,248251, 663, 166
KVM Noserial,   27, 169,56027, 196,247933, 677, 155
KVM Noserial,   27, 169,56225, 185,247796, 663, 169
KVM Noserial,   75, 169,56083, 193,247903, 663, 169
KVM Noserial,   86, 169,55643, 185,248432, 671, 155
KVM Noserial,   86, 172,55703, 196,247778, 660, 169
KVM Noserial,   86, 158,55958, 175,247734, 663, 166
KVM Noserial,   38, 158,55776, 185,246949, 663, 166
KVM Noserial,   27, 169,55934, 196,285814, 688, 165
KVM Noserial,   89, 171,57680, 199,256363, 695, 165
KVM Noserial,   82, 178,57472, 202,257311, 685, 168
KVM Noserial,   86, 161,55661, 199,306323, 688, 165
KVM Noserial,   75, 169,55896, 196,279531, 688, 165
KVM Noserial,   27, 169,55750, 182,248794, 663, 166
KVM Noserial,   89, 171,57824, 202,278025, 666, 166
KVM Noserial,   75, 169,56243, 199,248106, 674, 158
KVM Noserial,   27, 169,55459, 196,248215, 663, 166
KVM Noserial,   27, 172,55536, 182,246789, 674, 155
KVM Noserial,   27, 169,55783, 196,247912, 660, 166
KVM Noserial,   27, 172,55554, 196,247874, 674, 158
KVM Noserial,   27, 169,56359, 196,246709, 660, 166
KVM Noserial,   38, 158,55946, 196,310173, 695, 168
KVM Noserial,   86, 172,87978, 202,334084, 663, 166
KVM Noserial,   75, 169,56163, 193,247559, 677, 155
KVM Noserial,   27, 169,55010, 193,247253, 674, 158
KVM Noserial,   27, 169,55441, 196,247309, 663, 169
KVM Noserial,   38, 161,55464, 185,247745, 663, 166
KVM Noserial,   27, 169,55643, 196,247734, 663, 169
KVM Noserial,   27, 169,55976, 196,247110, 663, 166
KVM Noserial,   27, 169,55768, 196,246958, 663, 169
KVM Noserial,   75, 172,55786, 175,247499, 663, 166
KVM Noserial,   38, 158,55655, 196,246726, 666, 166
KVM Noserial,   86, 172,55768, 193,247119, 663, 166
KVM Noserial,   86, 158,55414, 193,246843, 674, 155
KVM Noserial,   27, 158,55616, 196,247508, 663, 169
KVM Noserial,   27, 169,55664, 193,247874, 677, 155
KVM Noserial,   86, 158,55420, 196,247921, 663, 166
KVM Noserial,   86, 158,55773, 182,248521, 663, 166
KVM Noserial,   86, 158,55785, 185,247802, 674, 155
KVM Noserial,   86, 169,55973, 175,247844, 666, 166
KVM Noserial,   38, 158,55830, 175,248097, 674, 155
KVM Noserial,   89, 171,89315, 193,249725, 674, 155
KVM Noserial,   86, 172,56502, 196,249362, 663, 166
KVM Noserial,   75, 172,55438, 199,247942, 663, 166
KVM Noserial,   27, 169,55938, 193,248185, 663, 166
KVM Noserial,   86, 161,55387, 199,248887, 663, 169
KVM Noserial,   29, 159,53854, 188,239709, 647, 156
KVM Noserial,   86, 172,56362, 196,247312, 663, 169
KVM Noserial,   86, 161,55693, 199,248067, 663, 169
KVM Noserial,   81, 164,54358, 185,240624, 650, 156
KVM Noserial,   29, 159,54395, 187,240165, 650, 156
KVM Noserial,   38, 158,55958, 196,249306, 671, 155
KVM Noserial,   81, 162,54019, 188,240407, 650, 156
KVM Noserial,   81, 159,54467, 185,240043, 650, 156
KVM Noserial,   86, 172,55914, 196,247395, 663, 169
KVM Noserial,   27, 172,55373, 196,289658, 663, 166
KVM Noserial,   75, 169,56306, 196,247564, 663, 166
KVM Noserial,   75, 172,55539, 193,246896, 663, 169
KVM Noserial,   38, 158,56002, 182,247416, 674, 155
KVM Noserial,   75, 169,55806, 182,246851, 666, 166
KVM Noserial,   81, 162,53664, 188,239691, 647, 159
KVM Noserial,   75, 169,56023, 196,249300, 663, 169
KVM Noserial,   27, 172,55610, 182,248352, 671, 158
KVM Noserial,   38, 158,55667, 193,247752, 671, 158
KVM Noserial,   75, 172,55976, 175,248355, 666, 166
KVM Noserial,   86, 169,55331, 193,245987, 663, 166
KVM Noserial,   27, 158,55435, 193,248233, 674, 155
KVM Noserial,   27, 158,55871, 185,247671, 660, 169
KVM Noserial,   27, 158,55744, 196,246688, 674, 158
KVM Noserial,   86, 161,55747, 196,247455, 674, 155
KVM Noserial,   81, 162,53961, 188,239706, 647, 159
KVM Noserial,   27, 158,56198, 193,247913, 677, 155
KVM Noserial,   75, 169,57328, 196,249713, 674, 158
KVM Noserial,   27, 169,55839, 196,248816, 674, 155
KVM Noserial,   86, 172,55741, 193,248082, 660, 169
KVM Noserial,   86, 158,55898, 196,248771, 663, 169
KVM Noserial,   86, 169,55611, 196,247211, 674, 155
KVM Noserial,   27, 158,56160, 196,248117, 660, 169
KVM Noserial,   75, 169,55548, 196,247998, 660, 155
KVM Noserial,   86, 161,56056, 193,249050, 663, 166
KVM Noserial,   86, 158,56106, 196,247999, 671, 155
KVM Noserial,   75, 169,56068, 196,247220, 663, 166
KVM Noserial,   86, 169,55697, 193,247942, 674, 155
KVM Noserial,   27, 169,55732, 196,247312, 663, 166
KVM Noserial,   27, 169,55732, 196,246742, 674, 158
KVM Noserial,   38, 158,56317, 193,248037, 666, 166
KVM Noserial,   86, 172,56068, 196,248810, 663, 166
KVM Noserial,   27, 169,55708, 185,247719, 671, 158
KVM Noserial,   86, 169,55667, 193,284972, 663, 169
KVM Noserial,   86, 169,55617, 193,248159, 674, 158
KVM Noserial,   29, 161,54002, 188,240931, 647, 159
KVM Noserial,   27, 169,55881, 196,247654, 674, 158
KVM Noserial,   29, 161,54375, 188,240659, 650, 156
KVM Noserial,   81, 162,54074, 188,240829, 647, 159
KVM Noserial,   29, 164,54329, 190,274705, 666, 166
KVM Noserial,   75, 175,55705, 193,247434, 663, 169
KVM Noserial,   38, 158,56071, 196,247817, 663, 166
KVM Noserial,   86, 172,55866, 196,247791, 677, 155
KVM Noserial,   27, 169,55462, 196,247357, 674, 155
KVM Noserial,   81, 164,53699, 188,240156, 647, 159
KVM Noserial,   29, 159,54106, 188,269482, 663, 166
KVM Noserial,   31, 162,54248, 190,272269, 674, 155
KVM Noserial,   75, 172,55598, 182,247000, 674, 155
KVM Noserial,   27, 169,55744, 196,248198, 671, 158
KVM Noserial,   29, 159,54062, 188,241040, 642, 156
KVM Noserial,   81, 162,54551, 188,241124, 647, 159
KVM Noserial,   81, 159,54063, 188,240719, 650, 156
KVM Noserial,   81, 162,53884, 187,272658, 663, 166
KVM Noserial,   81, 159,53782, 185,239330, 647, 156
KVM Noserial,   81, 162,54340, 185,241748, 650, 156
KVM Noserial,   29, 159,53780, 185,334875, 666, 166
KVM Noserial,   29, 159,54253, 188,308094, 647, 159
KVM Noserial,   29, 159,54071, 188,240101, 647, 159
KVM Noserial,   81, 159,53950, 185,239928, 647, 159
KVM Noserial,   81, 159,54065, 188,276974, 663, 166
KVM Noserial,   86, 169,56012, 193,248239, 663, 166
KVM Noserial,   27, 158,56029, 196,247532, 677, 155
KVM Noserial,   86, 172,55590, 193,248295, 660, 169
KVM Noserial,   38, 158,55830, 193,248227, 663, 166
KVM Noserial,   86, 169,55970, 196,247844, 660, 166
KVM Noserial,   34, 171,79829, 202,286029, 671, 158
KVM Noserial,   34, 171,55408, 195,279704, 674, 155
KVM Noserial,   86, 172,55893, 199,246646, 660, 169
KVM Noserial,   27, 161,54745, 193,247048, 671, 155
KVM Noserial,   86, 161,55892, 199,247820, 663, 166
KVM Noserial,   38, 158,54915, 193,247226, 674, 155
KVM Noserial,   27, 169,55750, 196,247268, 671, 155
KVM Noserial,   29, 159,84232, 193,246647, 674, 155
KVM Noserial,   27, 169,55447, 196,247636, 663, 166
KVM Noserial,   81, 159,53450, 188,308114, 647, 156
KVM Noserial,   86, 161,55928, 196,248037, 663, 169
KVM Noserial,   27, 172,55510, 196,247074, 663, 169
KVM Noserial,   86, 158,55242, 196,247015, 674, 155
KVM Noserial,   75, 169,55521, 193,246953, 671, 158
KVM Noserial,   86, 172,55813, 196,246186, 674, 155
KVM Noserial,   34, 168,87303, 196,247574, 671, 155
KVM Noserial,   27, 169,55459, 199,247258, 660, 169
KVM Noserial,   27, 169,55367, 193,318336, 688, 165
KVM Noserial,   27, 169,56018, 196,247285, 663, 166
KVM Noserial,   86, 158,55931, 196,247526, 663, 166
KVM Noserial,   38, 158,55723, 193,247196, 663, 169
KVM Noserial,   86, 158,55970, 196,246486, 674, 155
KVM Noserial,   27, 169,55566, 196,246314, 674, 158
KVM Noserial,   27, 169,55863, 193,247449, 674, 155
KVM Noserial,   81, 164,54326, 185,240069, 645, 161
KVM Noserial,   27, 169,55923, 196,246920, 674, 158
KVM Noserial,   86, 158,55536, 199,246979, 663, 169
KVM Noserial,   27, 169,55914, 196,247119, 674, 158
KVM Noserial,   27, 172,55610, 182,247315, 677, 155
KVM Noserial,   38, 161,55066, 196,247357, 660, 166
KVM Noserial,   86, 158,55342, 185,247757, 663, 166
KVM Noserial,   86, 161,55824, 193,246537, 674, 155
KVM Noserial,   29, 159,53855, 185,240162, 647, 159
KVM Noserial,   81, 162,53950, 187,239556, 647, 159
KVM Noserial,   81, 162,54181, 185,239463, 650, 156
KVM Noserial,   86, 161,55524, 199,248423, 666, 166
KVM Noserial,   75, 172,55869, 193,247683, 663, 169
KVM Noserial,   27, 172,55628, 196,248465, 666, 166
KVM Noserial,   86, 169,55789, 199,247636, 674, 158
KVM Noserial,   27, 172,55842, 182,285292, 660, 155
KVM Noserial,   27, 172,56017, 185,247511, 674, 155
KVM Noserial,   38, 158,55765, 196,247496, 663, 169
KVM Noserial,   34, 165,57512, 199,281377, 663, 166
KVM Noserial,   86, 161,55931, 193,247710, 663, 166
KVM Noserial,   38, 161,55797, 193,247208, 663, 166
KVM Noserial,   27, 158,55990, 193,246531, 671, 158
KVM Noserial,   38, 158,55515, 193,248088, 677, 155
KVM Noserial,   38, 158,55554, 196,247805, 663, 166
KVM Noserial,   38, 158,56029, 196,247710, 663, 166
KVM Noserial,   27, 158,55797, 196,337232, 663, 166
KVM Noserial,   75, 169,55872, 199,304378, 666, 166
KVM Noserial,   27, 169,55955, 196,247603, 663, 166
KVM Noserial,   86, 172,55634, 193,247678, 674, 158
KVM Noserial,   86, 172,55729, 182,246536, 663, 169
KVM Noserial,   38, 158,55310, 196,247606, 666, 166
KVM Noserial,   27, 169,55884, 193,247211, 674, 155
KVM Noserial,   27, 169,55914, 193,248364, 674, 155
KVM Noserial,   27, 169,55718, 193,247983, 660, 166
KVM Noserial,   86, 161,55815, 172,247847, 663, 166
KVM Noserial,   34, 168,58610, 199,281437, 666, 166
KVM Noserial,   34, 168,57647, 199,256797, 691, 172
KVM Noserial,   89, 171,57778, 202,285708, 674, 155
KVM Noserial,   29, 159,54095, 190,240177, 647, 156
KVM Noserial,   29, 159,53892, 185,240642, 644, 159
KVM Noserial,   29, 159,53860, 185,240497, 647, 159
KVM Noserial,   86, 169,55875, 196,248572, 663, 166
KVM Noserial,   86, 172,55685, 193,247719, 663, 166
KVM Noserial,   29, 161,54424, 188,240220, 650, 156
KVM Noserial,   29, 162,53979, 188,240081, 647, 156
KVM Noserial,   29, 161,53679, 188,240482, 650, 156
KVM Noserial,   27, 158,55571, 182,246812, 663, 166
KVM Noserial,   81, 159,53872, 188,271995, 663, 169
KVM Noserial,   29, 159,53609, 185,239359, 647, 159
KVM Noserial,   29, 159,54034, 190,240136, 647, 159
KVM Noserial,   81, 162,54426, 188,239561, 644, 159
KVM Noserial,   81, 162,54476, 187,273066, 671, 158
KVM Noserial,   86, 169,56181, 196,248893, 663, 169
KVM Noserial,   27, 172,55851, 193,248115, 671, 155
KVM Noserial,   86, 172,56027, 175,247903, 663, 166
KVM Noserial,   27, 169,56398, 193,250878, 674, 155
KVM Noserial,   27, 169,55836, 196,247425, 663, 166
KVM Noserial,   27, 158,55631, 193,248058, 674, 155
KVM Noserial,   27, 169,55435, 196,247957, 674, 155
KVM Noserial,   38, 158,92037, 196,251888, 674, 155
KVM Noserial,   27, 169,55809, 164,247879, 663, 166
KVM Noserial,   81, 162,54045, 185,240489, 650, 156
KVM Noserial,   27, 169,55842, 182,247879, 663, 169
KVM Noserial,   29, 164,53705, 190,275697, 663, 166
KVM Noserial,   29, 159,53835, 187,239781, 647, 156
KVM Noserial,   31, 159,54098, 187,273570, 654, 166
KVM Noserial,   27, 175,57542, 199,256183, 676, 168
KVM Noserial,   34, 168,57601, 192,281814, 651, 158
KVM Noserial,   86, 172,55914, 196,312124, 657, 166
KVM Noserial,   86, 161,56249, 193,277780, 679, 172
KVM Noserial,   27, 169,55655, 193,286453, 686, 165
KVM Noserial,   38, 161,56121, 196,247170, 665, 155
KVM Noserial,   27, 169,55714, 182,248242, 665, 155
KVM Noserial,   27, 169,55533, 193,248284, 665, 158
KVM Noserial,   86, 172,55052, 196,248067, 654, 166
KVM Noserial,   86, 161,56017, 193,247357, 651, 169
KVM Noserial,   86, 169,55628, 182,273410, 638, 159
KVM Noserial,   29, 159,53843, 190,240454, 636, 156
KVM Noserial,   29, 159,53817, 188,240070, 635, 159
KVM Noserial,   81, 159,53702, 185,238977, 633, 159
KVM Noserial,   29, 164,53520, 188,238992, 638, 156
KVM Noserial,   29, 162,54022, 188,239457, 641, 156
KVM Noserial,   27, 169,55774, 196,247202, 654, 166
KVM Noserial,   86, 169,55581, 196,373424, 679, 165
KVM Noserial,   29, 161,54326, 188,239471, 636, 156
KVM Noserial,   81, 159,53537, 185,240789, 638, 156
KVM Noserial,   27, 172,55700, 196,247401, 654, 166
KVM Noserial,   27, 158,55512, 196,247992, 654, 155
KVM Noserial,   27, 158,55726, 193,248364, 668, 155
KVM Noserial,   38, 161,55509, 196,247268, 677, 155
KVM Noserial,   27, 169,55251, 193,248120, 663, 166
KVM Noserial,   38, 161,55503, 193,285109, 677, 155
KVM Noserial,   27, 169,55851, 185,246851, 663, 169
KVM Noserial,   38, 158,55554, 196,247318, 674, 155
KVM Noserial,   27, 169,55605, 196,248563, 674, 155
KVM Noserial,   27, 175,57714, 195,255892, 695, 165
KVM Noserial,   89, 171,57524, 202,256171, 688, 168
KVM Noserial,   89, 171,57271, 202,254953, 688, 168
KVM Noserial,   34, 171,57469, 199,282128, 663, 166
KVM Noserial,   89, 171,57631, 202,303946, 695, 168
KVM Noserial,   38, 161,55649, 175,248679, 674, 155
KVM Noserial,   27, 169,55230, 193,248014, 674, 158
KVM Noserial,   27, 158,55387, 193,248492, 674, 155
KVM Noserial,   27, 169,86457, 202,309911, 660, 166
KVM Noserial,   83, 162,54118, 190,239056, 647, 159
KVM Noserial,   29, 161,53927, 185,239948, 642, 159
KVM Noserial,   81, 164,54242, 191,239850, 647, 156
KVM Noserial,   38, 158,55839, 196,247811, 660, 166
KVM Noserial,   38, 158,55750, 193,248405, 663, 169
KVM Noserial,   27, 172,55756, 193,248462, 660, 166
KVM Noserial,   38, 158,55756, 196,248486, 674, 158
KVM Noserial,   27, 172,56083, 175,248569, 663, 169
KVM Noserial,   86, 169,55795, 196,248159, 677, 155
KVM Noserial,   38, 158,56846, 193,313663, 674, 155
KVM Noserial,   38, 158,87175, 192,283831, 663, 169
KVM Noserial,   86, 172,55382, 193,247645, 674, 158
KVM Noserial,   75, 172,55872, 199,248396, 660, 169
KVM Noserial,   27, 169,55765, 196,247669, 674, 158
KVM Noserial,   86, 172,55905, 196,252651, 660, 169
KVM Noserial,   75, 169,55215, 196,248052, 666, 166
KVM Noserial,   27, 169,55937, 193,247116, 663, 169
KVM Noserial,   27, 158,55637, 196,248132, 674, 155
KVM Noserial,   86, 169,55854, 196,247535, 660, 166
KVM Noserial,   38, 161,55690, 193,247945, 663, 166
KVM Noserial,   27, 158,55972, 185,249549, 663, 169
KVM Noserial,   27, 172,55878, 199,248480, 674, 155
KVM Noserial,   38, 158,55622, 196,248141, 663, 166
KVM Noserial,   27, 169,55545, 196,248245, 663, 169
KVM Noserial,   81, 162,54198, 191,240384, 650, 156
KVM Noserial,   38, 158,55875, 196,248340, 674, 158
KVM Noserial,   38, 158,55744, 196,247648, 674, 155
KVM Noserial,   44, 161,56008, 193,249134, 674, 155
KVM Noserial,   86, 158,55794, 193,288318, 663, 166
KVM Noserial,   86, 161,56507, 196,249859, 677, 155
KVM Noserial,   81, 162,54063, 187,240113, 647, 156
KVM Noserial,   38, 158,55536, 196,247463, 663, 169
KVM Noserial,   27, 169,56083, 193,247036, 674, 155
KVM Noserial,   27, 169,55937, 196,247853, 663, 166
KVM Noserial,   27, 169,55515, 185,248402, 663, 166
KVM Noserial,   86, 158,55423, 196,247362, 663, 169
KVM Noserial,   86, 172,55628, 188,314225, 660, 169
KVM Noserial,   86, 172,55982, 196,248040, 663, 166
KVM Noserial,   38, 158,55907, 193,247972, 663, 169
KVM Noserial,   86, 161,56074, 196,248774, 674, 155
KVM Noserial,   27, 169,55230, 193,247247, 674, 155
KVM Noserial,   27, 169,55491, 161,247342, 674, 155
KVM Noserial,   38, 158,55560, 196,271319, 647, 159
KVM Noserial,   81, 159,54204, 188,240006, 650, 156
KVM Noserial,   81, 162,54112, 187,240067, 647, 159
KVM Noserial,   83, 162,54115, 193,239270, 647, 159
KVM Noserial,   27, 169,55459, 196,246970, 663, 166
KVM Noserial,   27, 169,55833, 196,246468, 666, 166
KVM Noserial,   27, 169,55682, 196,248233, 674, 158
KVM Noserial,   27, 169,56122, 196,247701, 663, 166
KVM Noserial,   86, 158,55773, 182,247237, 663, 169
KVM Noserial,   75, 172,55524, 196,248019, 663, 166
KVM Noserial,   29, 162,53476, 188,240150, 650, 156
KVM Noserial,   38, 158,55494, 196,246537, 674, 155
KVM Noserial,   27, 169,56324, 196,247502, 660, 169
KVM Noserial,   27, 169,55640, 182,246622, 663, 169
KVM Noserial,   81, 159,54166, 191,240200, 650, 156
KVM Noserial,   31, 162,53988, 190,240240, 645, 161
KVM Noserial,   81, 162,53915, 188,273783, 660, 166
KVM Noserial,   29, 159,54120, 188,277263, 677, 155
KVM Noserial,   86, 172,55593, 193,284235, 688, 168
KVM Noserial,   89, 168,89537, 193,248602, 674, 155
KVM Noserial,   75, 172,55438, 199,248310, 663, 155
KVM Noserial,   27, 172,56005, 182,247359, 663, 169
KVM Noserial,   86, 158,55717, 196,248230, 660, 166
KVM Noserial,   75, 169,55949, 196,248251, 660, 169
KVM Noserial,   27, 169,55798, 196,247868, 674, 158
KVM Noserial,   86, 172,55441, 193,248201, 671, 155
KVM Noserial,   27, 158,55637, 196,333446, 663, 169
KVM Noserial,   86, 169,55462, 196,330869, 674, 155
KVM Noserial,   38, 158,56169, 193,247532, 674, 155
KVM Noserial,   38, 158,55405, 175,247862, 660, 169
KVM Noserial,   27, 169,55872, 193,247164, 674, 155
KVM Noserial,   86, 172,55322, 196,247975, 674, 155
KVM Noserial,   38, 158,55533, 196,280061, 688, 165
KVM Noserial,   27, 169,55340, 199,247413, 663, 169
KVM Noserial,   27, 169,55406, 199,248182, 663, 169
KVM Noserial,   38, 161,55491, 193,354536, 687, 190
KVM Noserial,   27, 169,56377, 196,246623, 663, 166
KVM Noserial,   86, 172,55551, 164,247505, 674, 158
KVM Noserial,   27, 169,55851, 196,248031, 660, 166
KVM Noserial,   86, 175,55786, 196,246569, 663, 169
KVM Noserial,   38, 158,55723, 196,248218, 666, 166
KVM Noserial,   38, 158,55375, 196,248436, 674, 158
KVM Noserial,   86, 158,55696, 196,248721, 674, 155
KVM Noserial,   38, 158,55937, 193,247309, 663, 169
KVM Noserial,   27, 169,56748, 185,247549, 663, 166
KVM Noserial,   27, 169,55703, 196,247520, 677, 155
KVM Noserial,   81, 164,54294, 188,240101, 647, 156
KVM Noserial,   86, 169,55997, 193,247960, 674, 158
KVM Noserial,   27, 158,55274, 193,247826, 663, 166
KVM Noserial,   38, 158,55218, 196,247083, 663, 166
KVM Noserial,   38, 161,55693, 196,247835, 663, 166
KVM Noserial,   75, 172,55610, 196,246896, 663, 166
KVM Noserial,   86, 172,56086, 196,247053, 663, 155
KVM Noserial,   86, 169,55459, 172,246534, 674, 158
KVM Noserial,   86, 172,55917, 196,247674, 666, 166
KVM Noserial,   86, 169,55388, 175,247229, 671, 155
KVM Noserial,   86, 172,56241, 196,247080, 663, 166
KVM Noserial,   86, 158,55363, 182,247710, 674, 155
KVM Noserial,   38, 161,56059, 196,248114, 660, 169
KVM Noserial,   38, 158,55723, 196,246780, 666, 166
KVM Noserial,   27, 172,55661, 193,252604, 663, 166
KVM Noserial,   27, 169,55622, 182,247231, 663, 169
KVM Noserial,   86, 158,56082, 182,246382, 668, 158
KVM Noserial,   86, 172,55916, 185,247962, 663, 166
KVM Noserial,   86, 169,55539, 196,246771, 663, 155
KVM Noserial,   27, 169,56145, 196,246466, 674, 155
KVM Noserial,   82, 178,57937, 202,255497, 688, 172
KVM Noserial,   27, 171,57681, 192,257168, 691, 165
KVM Noserial,   38, 158,55765, 193,246765, 663, 166
KVM Noserial,   38, 158,55821, 196,246153, 663, 166
KVM Noserial,   27, 158,55536, 193,248111, 666, 166
KVM Noserial,   75, 166,56077, 193,277294, 688, 175
KVM Noserial,   27, 161,55696, 193,247095, 663, 169
KVM Noserial,   38, 158,55690, 185,247181, 674, 158
KVM Noserial,   86, 172,55477, 193,247832, 666, 166
KVM Noserial,   38, 158,55833, 196,248697, 677, 155
KVM Noserial,   40, 165,85956, 185,248589, 663, 169
KVM Noserial,   27, 169,55230, 196,247598, 677, 155
KVM Noserial,   27, 169,55432, 182,246625, 663, 166
KVM Noserial,   38, 161,55577, 185,247939, 674, 155
KVM Noserial,   81, 164,53667, 185,239324, 642, 156
KVM Noserial,   81, 164,83014, 196,247654, 674, 155
KVM Noserial,   75, 169,55325, 199,246852, 674, 158
KVM Noserial,   27, 169,55521, 185,246524, 660, 166
KVM Noserial,   27, 169,55313, 185,285429, 663, 166
KVM Noserial,   27, 169,55343, 196,247366, 674, 155
KVM Noserial,   38, 158,56291, 196,247924, 674, 155
KVM Noserial,   27, 172,56059, 185,248473, 660, 169
KVM Noserial,   86, 161,55759, 193,246688, 674, 155
KVM Noserial,   38, 161,55815, 196,247473, 671, 158
KVM Noserial,   86, 158,55735, 193,246605, 677, 155
KVM Noserial,   27, 166,55824, 193,247529, 663, 166
KVM Noserial,   27, 158,55518, 196,247859, 674, 158
KVM Noserial,   86, 158,56038, 193,247443, 677, 155
KVM Noserial,   75, 169,55717, 196,247098, 666, 166
KVM Noserial,   86, 161,55916, 199,247936, 666, 166
KVM Noserial,   29, 162,53759, 188,240457, 650, 156
KVM Noserial,   29, 159,54184, 188,240081, 650, 156
KVM Noserial,   81, 159,53835, 193,240983, 650, 156
KVM Noserial,   29, 159,53797, 188,239798, 647, 156
KVM Noserial,   29, 164,54496, 188,239457, 644, 156
KVM Noserial,   29, 159,54715, 188,240676, 644, 156
KVM Noserial,   29, 161,54153, 187,240145, 647, 156
KVM Noserial,   29, 159,54010, 185,240668, 647, 159
KVM Noserial,   81, 159,54438, 191,239850, 647, 156
KVM Noserial,   27, 169,56136, 196,272662, 650, 156
KVM Noserial,   27, 169,56130, 196,246388, 663, 166
KVM Noserial,   38, 158,55943, 199,247211, 674, 158
KVM Noserial,   81, 164,54043, 185,240488, 647, 156
KVM Noserial,   29, 162,54357, 185,240841, 647, 159
KVM Noserial,   29, 159,54620, 188,241329, 647, 159
KVM Noserial,   29, 159,53823, 185,272351, 663, 166
KVM Noserial,   81, 159,53996, 188,240408, 647, 159
KVM Noserial,   29, 159,53964, 188,239105, 650, 156
KVM Noserial,   29, 159,53517, 185,240500, 647, 159
KVM Noserial,   29, 159,108652, 196,273716, 650, 156
KVM Noserial,   29, 159,54404, 190,240853, 644, 159
KVM Noserial,   29, 164,54430, 188,239491, 645, 156
KVM Noserial,   81, 162,54126, 188,239922, 644, 159
KVM Noserial,   81, 162,54267, 188,240058, 647, 159
KVM Noserial,   29, 159,53661, 190,239963, 644, 159
KVM Noserial,   29, 159,53788, 188,239665, 644, 156
KVM Noserial,   29, 159,53958, 188,240494, 642, 159
KVM Noserial,   29, 159,54088, 185,239489, 647, 159
KVM Noserial,   29, 159,53641, 185,240650, 650, 156
KVM Noserial,   29, 162,54016, 185,240662, 647, 156
KVM Noserial,   81, 162,54253, 165,272914, 663, 169
KVM Noserial,   29, 161,54288, 188,240821, 647, 156
KVM Noserial,   29, 159,54193, 190,240749, 650, 156
KVM Noserial,   29, 159,53849, 185,240384, 647, 156
KVM Noserial,   29, 159,53895, 188,240708, 647, 159
KVM Noserial,   81, 159,53904, 188,239913, 647, 156
KVM Noserial,   81, 162,54265, 193,239677, 650, 156
KVM Noserial,   29, 159,54337, 185,240456, 645, 161
KVM Noserial,   29, 162,54481, 188,239943, 647, 156
KVM Noserial,   29, 162,54392, 185,240205, 650, 156
KVM Noserial,   31, 159,54384, 187,240590, 644, 159
KVM Noserial,   29, 159,53967, 188,239477, 647, 159
KVM Noserial,   29, 162,54013, 188,239555, 645, 161
KVM Noserial,   81, 162,53909, 185,239726, 650, 156
KVM Noserial,   29, 161,54222, 185,239818, 650, 156
KVM Noserial,   81, 162,54375, 187,240301, 647, 159
KVM Noserial,   29, 159,53699, 190,239504, 650, 156
KVM Noserial,   29, 162,54152, 185,240003, 647, 156
KVM Noserial,   81, 162,54692, 188,239209, 647, 156
KVM Noserial,   29, 162,53880, 185,240616, 647, 159
KVM Noserial,   38, 161,56237, 196,248670, 663, 166
KVM Noserial,   27, 169,56817, 199,250462, 674, 155
KVM Noserial,   81, 164,54496, 185,240203, 650, 156
KVM Noserial,   81, 162,53439, 190,239888, 644, 156
KVM Noserial,   81, 159,54097, 191,239815, 647, 159
KVM Noserial,   81, 162,54415, 188,239864, 645, 161
KVM Noserial,   81, 161,54205, 190,240116, 650, 156
KVM Noserial,   29, 164,53898, 188,240676, 642, 159
KVM Noserial,   29, 161,54150, 190,240145, 647, 159
KVM Noserial,   29, 159,53947, 190,240645, 647, 159
KVM Noserial,   81, 161,54132, 188,240260, 650, 156
KVM Noserial,   29, 159,54256, 188,240353, 647, 156
KVM Noserial,   86, 161,56172, 193,247223, 674, 155
KVM Noserial,   38, 158,55459, 193,247680, 663, 169
KVM Noserial,   81, 162,54181, 188,280751, 647, 156
KVM Noserial,   29, 156,53479, 194,240661, 645, 156
KVM Noserial,   29, 159,54490, 188,241023, 647, 159
KVM Noserial,   29, 159,54074, 188,240113, 647, 156
KVM Noserial,   81, 162,53996, 188,240740, 647, 156
KVM Noserial,   29, 156,54334, 188,240012, 647, 156
KVM Noserial,   27, 172,85369, 188,241219, 647, 156
KVM Noserial,   29, 159,54528, 185,241095, 647, 156
KVM Noserial,   29, 159,54117, 188,241006, 644, 156
KVM Noserial,   38, 158,56041, 193,248123, 663, 166
KVM Noserial,   83, 162,53632, 188,240861, 647, 156
KVM Noserial,   29, 162,54051, 188,240786, 644, 156
KVM Noserial,   29, 162,53979, 187,240139, 647, 159
KVM Noserial,   38, 161,56234, 193,248094, 674, 155
KVM Noserial,   27, 169,55557, 196,248768, 660, 166
KVM Noserial,   29, 162,54222, 187,240916, 650, 156
KVM Noserial,   35, 156,54981, 188,241113, 647, 156
KVM Noserial,   83, 162,53982, 165,240716, 647, 159
KVM Noserial,   29, 159,53713, 188,239682, 642, 161
KVM Noserial,   31, 159,53537, 185,238882, 642, 156
KVM Noserial,   29, 161,53881, 188,239997, 650, 156
KVM Noserial,   29, 159,53953, 190,239801, 647, 159
KVM Noserial,   29, 159,53950, 185,240422, 647, 156
KVM Noserial,   81, 164,53901, 191,239578, 645, 156
KVM Noserial,   81, 162,53661, 190,240434, 644, 159
KVM Noserial,   83, 162,54464, 165,240506, 650, 156
KVM Noserial,   29, 164,104274, 196,276699, 647, 159
KVM Noserial,   29, 161,54291, 188,241133, 647, 159
KVM Noserial,   83, 162,53612, 185,238859, 647, 159
KVM Noserial,   29, 161,54525, 188,240624, 650, 156
KVM Noserial,   29, 159,53823, 187,240798, 647, 156
KVM Noserial,   81, 159,53950, 190,239703, 647, 159
KVM Noserial,   81, 159,53959, 193,240001, 647, 156
KVM Noserial,   31, 159,54051, 185,239891, 644, 156
KVM Noserial,   27, 169,52746, 196,272450, 644, 159
KVM Noserial,   29, 164,54147, 190,240388, 647, 156
KVM Noserial,   81, 162,53976, 188,322007, 647, 156
KVM Noserial,   81, 162,53779, 188,240298, 647, 159
KVM Noserial,   81, 164,54106, 165,239021, 650, 156
KVM Noserial,   29, 159,53777, 188,240566, 647, 156
KVM Noserial,   81, 159,54074, 191,241384, 650, 156
KVM Noserial,   29, 161,54239, 188,240376, 647, 156
KVM Noserial,   81, 162,53756, 188,239989, 644, 159
KVM Noserial,   81, 162,54340, 188,239460, 647, 156
KVM Noserial,   29, 159,53993, 188,239763, 647, 159
KVM Noserial,   81, 162,53912, 191,239740, 647, 156
KVM Noserial,   81, 162,54141, 190,239509, 650, 156
KVM Noserial,   86, 155,56133, 196,248004, 663, 166
KVM Noserial,   29, 159,54199, 187,240139, 642, 161
KVM Noserial,   81, 162,53990, 188,239683, 647, 159
KVM Noserial,   81, 159,54343, 190,239524, 647, 159
KVM Noserial,   81, 162,54221, 191,240604, 647, 156
KVM Noserial,   29, 159,53857, 188,240075, 642, 159
KVM Noserial,   31, 159,54017, 167,239914, 647, 156
KVM Noserial,   81, 162,54137, 188,240260, 645, 156
KVM Noserial,   29, 162,53664, 185,239841, 650, 156
KVM Noserial,   31, 159,54002, 188,239613, 650, 156
KVM Noserial,   29, 161,54355, 185,240448, 644, 159
KVM Noserial,   81, 161,54225, 188,240474, 647, 156
KVM Noserial,   29, 164,53650, 185,239965, 650, 156
KVM Noserial,   31, 159,54248, 185,240176, 647, 159
KVM Noserial,   29, 159,53976, 190,239359, 647, 159
KVM Noserial,   31, 159,53624, 193,243557, 647, 156
KVM Noserial,   29, 159,53933, 190,240567, 647, 159
KVM Noserial,   38, 158,55572, 196,246943, 663, 166
KVM Noserial,   75, 172,55545, 196,246896, 663, 169
KVM Noserial,   75, 169,55833, 196,247119, 666, 166
KVM Noserial,   27, 169,55364, 196,250423, 663, 166
KVM Noserial,   86, 169,56796, 193,250613, 663, 169
KVM Noserial,   83, 162,53913, 190,240344, 647, 159
KVM Noserial,   29, 159,54025, 188,240205, 647, 156
KVM Noserial,   29, 162,53915, 185,239861, 645, 161
KVM Noserial,   81, 161,54121, 188,239457, 647, 156
KVM Noserial,   29, 159,83775, 196,275687, 647, 159
KVM Noserial,   31, 162,53855, 188,240026, 644, 159
KVM Noserial,   29, 159,54086, 190,240217, 647, 156
KVM Noserial,   29, 161,53823, 188,277224, 650, 156
KVM Noserial,   29, 159,54300, 190,241711, 638, 156
KVM Noserial,   29, 161,54164, 188,240269, 638, 156
KVM Noserial,   29, 159,54484, 185,240717, 641, 156
KVM Noserial,   31, 159,53875, 188,239997, 633, 156
KVM Noserial,   29, 159,85141, 193,277323, 638, 156
KVM Noserial,   81, 164,54005, 188,240419, 636, 161
KVM Noserial,   29, 159,53993, 188,273138, 665, 155
KVM Noserial,   81, 162,54426, 188,240535, 644, 156
KVM Noserial,   29, 164,54164, 188,240168, 638, 159
KVM Noserial,   29, 161,53630, 167,270793, 665, 155
KVM Noserial,   38, 158,55925, 193,247467, 662, 155
KVM Noserial,   27, 158,55705, 196,247981, 665, 155
KVM Noserial,   29, 159,54467, 188,239720, 638, 156
KVM Noserial,   29, 159,54074, 188,239720, 638, 159
KVM Noserial,   29, 159,53988, 190,240590, 638, 159
KVM Noserial,   86, 161,55720, 193,247348, 665, 155
KVM Noserial,   86, 161,56032, 196,247835, 657, 166
KVM Noserial,   81, 162,54692, 165,241213, 636, 156
KVM Noserial,   31, 159,54017, 190,239827, 639, 156
KVM Noserial,   31, 162,53794, 188,238637, 638, 156
KVM Noserial,   27, 169,85463, 185,240621, 636, 156
KVM Noserial,   29, 162,54196, 187,239732, 644, 156
KVM Noserial,   81, 162,54097, 188,239685, 647, 156
KVM Noserial,   29, 159,54475, 188,241188, 647, 159
KVM Noserial,   29, 159,54308, 188,239754, 645, 161
KVM Noserial,   29, 162,54637, 165,239584, 647, 156
KVM Noserial,   81, 162,54426, 191,272836, 663, 166
KVM Noserial,   27, 158,56011, 196,248141, 663, 169
KVM Noserial,   31, 159,54132, 188,240971, 650, 156
KVM Noserial,   29, 159,54381, 187,240180, 647, 156
KVM Noserial,   27, 172,55753, 196,274005, 650, 156
KVM Noserial,   27, 169,55735, 196,273017, 642, 159
KVM Noserial,   29, 164,53933, 188,240182, 644, 159
KVM Noserial,   31, 156,54473, 185,240922, 647, 159
KVM Noserial,   29, 159,54155, 190,240437, 650, 156
KVM Noserial,   29, 159,54259, 188,240130, 647, 156
KVM Noserial,   29, 159,54184, 190,272547, 663, 166
KVM Noserial,   81, 164,54205, 193,240645, 647, 156
KVM Noserial,   29, 159,54028, 190,240483, 647, 159
KVM Noserial,   29, 162,53961, 185,239353, 647, 156
KVM Noserial,   29, 159,105372, 185,277119, 645, 161
KVM Noserial,   29, 162,53505, 185,317009, 647, 156
KVM Noserial,   86, 158,56041, 202,247327, 671, 158
KVM Noserial,   27, 172,56021, 193,248117, 663, 169
KVM Noserial,   27, 172,55753, 196,247075, 674, 155
KVM Noserial,   29, 159,54360, 185,239942, 650, 156
KVM Noserial,   29, 159,53791, 188,240067, 647, 156
KVM Noserial,   81, 164,53823, 188,239807, 650, 156
KVM Noserial,   81, 162,53846, 191,239806, 642, 159
KVM Noserial,   81, 164,53719, 191,240901, 650, 156
KVM Noserial,   81, 164,102066, 193,275579, 647, 156
KVM Noserial,   81, 164,53947, 188,238354, 647, 156
KVM Noserial,   81, 162,53794, 185,239101, 645, 161
KVM Noserial,   29, 159,53765, 188,240217, 647, 159
KVM Noserial,   81, 159,54002, 187,239076, 647, 159
KVM Noserial,   83, 159,53589, 185,238879, 642, 159
KVM Noserial,   31, 159,54259, 185,238998, 647, 159
KVM Noserial,   29, 159,53647, 193,239079, 647, 156
KVM Noserial,   75, 169,154479, 211,315143, 650, 156
KVM Noserial,   29, 161,54459, 185,239841, 647, 156
KVM Noserial,   29, 159,53398, 188,297957, 663, 155
KVM Noserial,   29, 161,54066, 185,240032, 650, 156
KVM Noserial,   81, 162,53788, 188,240370, 647, 156
KVM Noserial,   81, 162,53915, 188,240671, 647, 159
KVM Noserial,   29, 159,53196, 188,238925, 647, 156
KVM Noserial,   81, 159,53650, 193,238874, 647, 159
KVM Noserial,   27, 172,55441, 193,247597, 660, 166
KVM Noserial,   38, 158,56240, 196,247817, 663, 166
KVM Noserial,   86, 161,55984, 164,247119, 671, 155
KVM Noserial,   27, 169,55453, 196,247066, 671, 155
KVM Noserial,   86, 158,55877, 185,302047, 685, 168
KVM Noserial,   27, 169,55979, 196,249288, 674, 155
KVM Noserial,   83, 162,54236, 185,240396, 647, 156
KVM Noserial,   27, 169,55474, 193,276986, 647, 156
KVM Noserial,   81, 159,54031, 188,240055, 647, 156
KVM Noserial,   83, 159,54268, 188,240399, 647, 159
KVM Noserial,   81, 159,54664, 193,240783, 647, 156
KVM Noserial,   27, 169,55548, 193,248456, 663, 169
KVM Noserial,   86, 169,55732, 193,273855, 647, 156
KVM Noserial,   29, 159,53586, 190,275668, 663, 166
KVM Noserial,   86, 161,55286, 196,341317, 663, 169
KVM Noserial,   27, 169,55809, 182,274271, 647, 156
KVM Noserial,   81, 164,54248, 185,241089, 647, 159
KVM Noserial,   27, 169,55964, 196,247826, 663, 166
KVM Noserial,   27, 169,55670, 196,247416, 671, 158
KVM Noserial,   81, 162,54100, 185,239417, 647, 156
KVM Noserial,   31, 159,53627, 185,239907, 642, 159
KVM Noserial,   81, 162,54120, 188,241358, 644, 159
KVM Noserial,   29, 161,53560, 188,239726, 647, 159
KVM Noserial,   81, 164,53303, 188,238322, 647, 156
KVM Noserial,   29, 159,54256, 188,326716, 650, 156
KVM Noserial,   81, 159,53620, 191,355498, 647, 159
KVM Noserial,   81, 162,54129, 191,239286, 647, 156
KVM Noserial,   29, 159,53915, 185,238622, 650, 156
KVM Noserial,   29, 159,53739, 188,238891, 647, 156
KVM Noserial,   29, 159,53730, 191,239339, 650, 156
KVM Noserial,   29, 162,53693, 188,240150, 647, 159
KVM Noserial,   81, 162,54314, 188,239289, 642, 156
KVM Noserial,   29, 159,53855, 190,239544, 647, 156
KVM Noserial,   29, 159,54233, 185,239569, 645, 156
KVM Noserial,   29, 159,54074, 185,349434, 671, 155
KVM Noserial,   83, 162,53829, 185,302143, 650, 156
KVM Noserial,   81, 165,53678, 185,239922, 647, 156
KVM Noserial,   29, 159,53858, 185,277848, 663, 166
KVM Noserial,   38, 158,55482, 193,248198, 674, 155
KVM Noserial,   27, 169,55673, 193,247571, 674, 155
KVM Noserial,   86, 169,55762, 193,247223, 663, 166
KVM Noserial,   86, 172,55572, 196,247134, 674, 155
KVM Noserial,   27, 158,55568, 196,247705, 674, 155
KVM Noserial,   27, 169,55833, 182,248322, 674, 155
KVM Noserial,   38, 158,76761, 193,248527, 663, 166
KVM Noserial,   27, 169,55524, 196,248667, 663, 166
KVM Noserial,   27, 166,55646, 193,248435, 663, 166
KVM Noserial,   29, 162,54097, 185,240728, 650, 156
KVM Noserial,   29, 162,53710, 185,238830, 647, 156
KVM Noserial,   29, 161,53592, 188,241228, 647, 159
KVM Noserial,   31, 162,53869, 188,288063, 647, 159
KVM Noserial,   81, 159,53840, 188,239648, 641, 159
KVM Noserial,   29, 159,53618, 188,239980, 644, 156
KVM Noserial,   29, 159,53595, 190,240235, 650, 156
KVM Noserial,   81, 164,53656, 187,297596, 674, 155
KVM Noserial,   83, 159,53771, 185,274611, 677, 155
KVM Noserial,   29, 159,54158, 185,240985, 650, 156
KVM Noserial,   31, 159,53916, 167,239622, 647, 156
KVM Noserial,   29, 162,53797, 190,239749, 650, 156
KVM Noserial,   29, 159,53762, 188,241028, 645, 161
KVM Noserial,   29, 162,53840, 188,239997, 644, 156
KVM Noserial,   27, 169,55822, 196,247133, 663, 155
KVM Noserial,   27, 169,55515, 182,273633, 650, 156
KVM Noserial,   31, 162,53835, 187,239449, 647, 156
KVM Noserial,   29, 162,53808, 188,300341, 663, 166
KVM Noserial,   81, 162,54083, 193,272966, 674, 158
KVM Noserial,   81, 159,53701, 188,239694, 647, 159
KVM Noserial,   86, 161,55904, 196,268969, 645, 161
KVM Noserial,   86, 172,55664, 196,247829, 660, 166
KVM Noserial,   38, 158,55625, 196,246929, 674, 158
KVM Noserial,   27, 169,55117, 182,246958, 663, 166
KVM Noserial,   81, 164,54005, 188,239957, 647, 156
KVM Noserial,   86, 161,55497, 193,269113, 647, 159
KVM Noserial,   81, 159,53990, 185,240509, 647, 156
KVM Noserial,   86, 172,78208, 196,278497, 647, 159
KVM Noserial,   27, 169,104945, 196,253591, 663, 169
KVM Noserial,   27, 169,55599, 196,247600, 663, 166
KVM Noserial,   38, 158,55176, 182,246539, 663, 166
KVM Noserial,   27, 169,55578, 196,247056, 663, 166
KVM Noserial,   27, 172,55281, 193,270684, 644, 156
KVM Noserial,   81, 161,53812, 190,240362, 647, 156
KVM Noserial,   27, 169,55557, 196,247083, 666, 166
KVM Noserial,   81, 162,54077, 190,239813, 650, 156
KVM Noserial,   38, 158,55218, 193,247639, 677, 155
KVM Noserial,   27, 168,58442, 202,281767, 674, 158
KVM Noserial,   86, 158,56151, 193,249588, 663, 166
KVM Noserial,   83, 165,53855, 185,240719, 647, 156
KVM Noserial,   31, 159,54054, 185,240503, 644, 159
KVM Noserial,   29, 161,54002, 188,239772, 647, 159
KVM Noserial,   81, 162,54167, 190,276002, 663, 166
KVM Noserial,   75, 172,56095, 196,248141, 671, 158
KVM Noserial,   38, 158,55916, 193,248480, 663, 166
KVM Noserial,   27, 169,55976, 196,273011, 647, 156
KVM Noserial,   81, 162,54187, 188,240916, 647, 159
KVM Noserial,   27, 169,55878, 196,269209, 647, 159
KVM Noserial,   81, 164,54502, 191,238859, 647, 159
KVM Noserial,   31, 159,53864, 190,274732, 666, 166
KVM Noserial,   27, 169,55453, 196,249163, 663, 169
KVM Noserial,   27, 169,56041, 196,247342, 663, 166
KVM Noserial,   27, 158,55779, 196,248326, 677, 155
KVM Noserial,   38, 158,85870, 190,240861, 642, 156
KVM Noserial,   29, 161,53919, 190,239977, 645, 161
KVM Noserial,   81, 164,54141, 188,268355, 663, 166
KVM Noserial,   27, 158,55714, 193,247324, 674, 155
KVM Noserial,   27, 169,55899, 199,271698, 645, 161
KVM Noserial,   27, 169,55355, 196,277584, 644, 156
KVM Noserial,   83, 159,54017, 190,240084, 642, 159
KVM Noserial,   31, 162,54181, 188,240081, 647, 156
KVM Noserial,   29, 159,53855, 190,238371, 647, 159
KVM Noserial,   31, 159,54057, 165,239217, 647, 156
KVM Noserial,   29, 159,53938, 185,239821, 645, 156
KVM Noserial,   81, 159,53950, 188,239705, 645, 161
KVM Noserial,   81, 162,53759, 185,239463, 647, 159
KVM Noserial,   81, 162,54143, 188,239917, 647, 159
KVM Noserial,   81, 159,102836, 182,282686, 650, 156
KVM Noserial,   29, 164,53676, 185,240043, 645, 156
KVM Noserial,   29, 159,54129, 188,239416, 642, 156
KVM Noserial,   81, 159,54412, 193,241026, 650, 156
KVM Noserial,   27, 169,55735, 196,247886, 674, 155
KVM Noserial,   27, 169,55926, 193,274511, 647, 159
KVM Noserial,   86, 161,55756, 196,275274, 644, 156
KVM Noserial,   29, 159,54646, 185,240794, 650, 156
KVM Noserial,   29, 159,54129, 190,240174, 644, 159
KVM Noserial,   29, 159,53444, 188,241069, 647, 159
KVM Noserial,   81, 162,98870, 196,277342, 647, 159
KVM Noserial,   29, 159,85407, 199,322885, 645, 161
KVM Noserial,   29, 159,53872, 190,240521, 650, 156
KVM Noserial,   29, 159,54288, 187,273774, 674, 155
KVM Noserial,   86, 158,55797, 188,248120, 674, 155
KVM Noserial,   27, 169,55830, 193,248786, 666, 166
KVM Noserial,   27, 169,55415, 196,247448, 663, 166
KVM Noserial,   27, 158,55690, 196,248905, 663, 166
KVM Noserial,   86, 161,55545, 196,246792, 674, 155
KVM Noserial,   27, 169,55780, 193,247086, 663, 169
KVM Noserial,   75, 169,56555, 196,247529, 660, 169
KVM Noserial,   27, 158,55738, 175,248031, 663, 169
KVM Noserial,   27, 169,55515, 182,246747, 663, 169
KVM Noserial,   27, 169,55964, 196,247645, 663, 166
KVM Noserial,   27, 169,55792, 196,247220, 674, 155
KVM Noserial,   27, 169,55970, 193,248762, 663, 166
KVM Noserial,   27, 169,55492, 193,248114, 663, 166
KVM Noserial,   27, 155,55946, 196,247769, 660, 166
KVM Noserial,   86, 172,55917, 196,247184, 663, 166
KVM Noserial,   38, 158,55904, 193,248052, 663, 166
KVM Noserial,   27, 169,56125, 193,246997, 660, 169
KVM Noserial,   27, 169,55798, 193,272634, 647, 159
KVM Noserial,   31, 159,54115, 188,239873, 647, 159
KVM Noserial,   86, 172,55810, 196,248489, 674, 155
KVM Noserial,   81, 162,54054, 187,240047, 647, 156
KVM Noserial,   31, 159,54095, 190,239336, 647, 159
KVM Noserial,   81, 159,54071, 185,287303, 650, 156
KVM Noserial,   81, 162,53681, 185,240647, 645, 156
KVM Noserial,   81, 162,53681, 188,239642, 650, 156
KVM Noserial,   29, 159,53970, 188,239630, 644, 159
KVM Noserial,   31, 159,53820, 188,331243, 647, 156
KVM Noserial,   29, 161,53511, 191,239486, 647, 156
KVM Noserial,   81, 162,53704, 185,240338, 642, 156
KVM Noserial,   29, 161,53419, 188,239728, 650, 156
KVM Noserial,   81, 164,53803, 188,240006, 647, 156
KVM Noserial,   81, 162,54129, 193,241182, 650, 156
KVM Noserial,   29, 161,54369, 185,239706, 647, 156
KVM Noserial,   29, 159,53731, 190,240006, 647, 159
KVM Noserial,   29, 159,53823, 187,239706, 650, 156
KVM Noserial,   29, 161,54144, 185,239154, 650, 156
KVM Noserial,   81, 159,53944, 188,239893, 647, 156
KVM Noserial,   86, 158,56085, 185,251106, 663, 169
KVM Noserial,   29, 159,54207, 188,240708, 647, 156
KVM Noserial,   29, 159,116627, 194,244096, 650, 156
