trial,vm,rust,c
0,0.00580403,0.00010342,0.00010233
1,0.00032097,0.00010254,0.00010221
2,0.00031435,0.00010231,0.00010227
3,0.00033533,0.00010253,0.00010214
4,0.00031318,0.00010232,0.00010223
5,0.00031237,0.00010234,0.00010219
6,0.00033067,0.00010232,0.00010226
7,0.00031445,0.00010222,0.00010214
8,0.00031290,0.00010224,0.00010211
9,0.00034565,0.00010222,0.00010219
10,0.00031806,0.00010242,0.00011161
11,0.00032137,0.00010233,0.00010212
12,0.00031413,0.00010222,0.00010216
13,0.00031326,0.00010236,0.00011958
14,0.00031508,0.00010236,0.00010228
15,0.00034647,0.00010235,0.00010218
16,0.00031461,0.00010227,0.00010214
17,0.00031343,0.00010238,0.00010214
18,0.00031215,0.00010233,0.00010210
19,0.00031284,0.00010232,0.00010216
20,0.00031278,0.00010229,0.00010211
21,0.00032341,0.00011725,0.00010217
22,0.00031919,0.00010224,0.00010211
23,0.00031349,0.00010232,0.00010214
24,0.00031596,0.00010240,0.00010218
25,0.00031344,0.00010224,0.00010218
26,0.00031294,0.00010220,0.00010217
27,0.00031233,0.00010221,0.00010224
28,0.00032481,0.00010228,0.00011187
29,0.00031667,0.00010229,0.00010220
30,0.00031363,0.00010242,0.00010209
31,0.00031301,0.00010234,0.00010222
32,0.00031242,0.00011153,0.00009889
33,0.00030352,0.00009897,0.00009891
34,0.00034921,0.00011218,0.00009880
35,0.00030505,0.00009901,0.00009886
36,0.00033871,0.00009893,0.00009885
37,0.00030340,0.00009902,0.00009886
38,0.00030336,0.00009906,0.00009891
39,0.00030375,0.00009896,0.00009884
40,0.00030218,0.00011281,0.00009891
41,0.00030615,0.00009906,0.00009889
42,0.00030319,0.00009895,0.00009883
43,0.00030179,0.00009897,0.00009875
44,0.00036017,0.00009906,0.00009896
45,0.00030316,0.00009908,0.00009889
46,0.00030255,0.00009903,0.00011075
47,0.00034290,0.00009891,0.00009883
48,0.00031447,0.00009592,0.00009582
49,0.00029648,0.00009583,0.00009583
50,0.00029370,0.00019288,0.00009892
51,0.00031125,0.00013258,0.00009570
52,0.00029665,0.00009584,0.00009575
53,0.00038201,0.00010991,0.00009576
54,0.00032453,0.00009589,0.00009580
55,0.00032310,0.00009598,0.00009566
56,0.00034123,0.00010709,0.00009582
57,0.00032311,0.00009587,0.00009571
58,0.00031440,0.00013228,0.00012081
59,0.00032354,0.00009587,0.00009569
60,0.00032336,0.00009606,0.00009574
61,0.00032489,0.00009587,0.00009584
62,0.00033486,0.00009584,0.00009568
63,0.00031480,0.00009889,0.00009888
64,0.00031355,0.00011257,0.00009879
65,0.00034921,0.00009903,0.00009896
66,0.00031458,0.00009914,0.00009892
67,0.00031344,0.00009904,0.00009893
68,0.00031342,0.00009891,0.00009883
69,0.00031320,0.00009903,0.00009887
70,0.00036951,0.00009912,0.00009882
71,0.00031371,0.00009904,0.00009882
72,0.00032325,0.00009897,0.00009886
73,0.00031367,0.00009910,0.00009888
74,0.00031336,0.00009899,0.00009882
75,0.00031320,0.00009889,0.00009891
76,0.00033030,0.00009902,0.00009896
77,0.00031372,0.00009901,0.00009886
78,0.00031317,0.00009899,0.00009894
79,0.00031333,0.00010772,0.00009890
80,0.00031426,0.00009900,0.00009893
81,0.00031257,0.00009903,0.00009882
82,0.00034449,0.00009901,0.00009890
83,0.00031414,0.00009898,0.00009891
84,0.00031322,0.00009905,0.00009879
85,0.00031274,0.00009902,0.00009895
86,0.00032052,0.00010801,0.00010843
87,0.00031548,0.00009904,0.00009882
88,0.00031271,0.00009898,0.00009889
89,0.00031373,0.00009906,0.00009897
90,0.00031324,0.00009908,0.00009887
91,0.00031953,0.00009899,0.00009888
92,0.00031290,0.00009895,0.00009891
93,0.00031766,0.00010621,0.00011356
94,0.00031491,0.00009891,0.00010317
95,0.00031383,0.00009901,0.00009892
96,0.00031269,0.00009909,0.00009886
97,0.00031310,0.00009911,0.00009885
98,0.00037731,0.00009911,0.00009886
99,0.00031384,0.00011233,0.00009902
100,0.00031476,0.00010750,0.00009898
101,0.00031431,0.00009888,0.00009881
102,0.00031343,0.00009898,0.00009884
103,0.00031281,0.00009903,0.00009891
104,0.00031298,0.00017411,0.00009889
105,0.00040161,0.00009901,0.00009881
106,0.00037919,0.00009896,0.00011373
107,0.00034048,0.00009899,0.00009884
108,0.00031534,0.00009911,0.00009901
109,0.00031269,0.00009909,0.00009889
110,0.00031320,0.00009910,0.00009874
111,0.00031371,0.00009917,0.00009891
112,0.00031334,0.00009909,0.00009895
113,0.00031307,0.00009894,0.00009890
114,0.00032378,0.00009902,0.00009890
115,0.00031293,0.00009902,0.00009890
116,0.00031310,0.00009907,0.00011273
117,0.00031382,0.00009901,0.00009885
118,0.00031295,0.00009891,0.00009882
119,0.00031347,0.00009903,0.00009884
120,0.00031320,0.00009910,0.00009886
121,0.00032323,0.00009895,0.00009885
122,0.00031420,0.00009902,0.00011224
123,0.00032242,0.00009902,0.00009897
124,0.00031329,0.00009900,0.00009899
125,0.00031321,0.00009902,0.00009892
126,0.00031324,0.00009911,0.00009885
127,0.00031287,0.00009904,0.00009886
128,0.00032327,0.00011214,0.00009888
129,0.00031388,0.00009906,0.00009888
130,0.00031279,0.00009901,0.00009881
131,0.00031274,0.00009895,0.00009888
132,0.00032714,0.00011092,0.00009892
133,0.00031292,0.00009894,0.00009887
134,0.00032751,0.00009908,0.00009889
135,0.00033105,0.00009901,0.00009888
136,0.00031359,0.00009896,0.00009901
137,0.00031305,0.00009905,0.00009879
138,0.00035860,0.00009895,0.00009892
139,0.00031532,0.00009907,0.00009889
140,0.00034471,0.00009903,0.00009893
141,0.00031387,0.00009899,0.00009894
142,0.00051335,0.00010598,0.00010157
143,0.00031503,0.00009905,0.00009879
144,0.00031325,0.00009911,0.00009876
145,0.00031305,0.00009906,0.00011257
146,0.00031418,0.00009909,0.00009891
147,0.00031336,0.00009901,0.00009887
148,0.00031270,0.00009913,0.00009879
149,0.00032788,0.00009909,0.00009896
150,0.00031316,0.00009904,0.00009896
151,0.00031313,0.00011222,0.00009887
152,0.00031416,0.00009908,0.00009896
153,0.00031275,0.00009899,0.00009886
154,0.00031331,0.00009902,0.00009888
155,0.00031264,0.00009901,0.00009881
156,0.00032754,0.00009895,0.00009889
157,0.00031330,0.00011262,0.00009882
158,0.00032099,0.00009902,0.00009886
159,0.00031412,0.00009899,0.00009883
160,0.00031343,0.00009897,0.00009892
161,0.00031384,0.00009904,0.00009884
162,0.00031252,0.00009897,0.00009884
163,0.00033641,0.00009909,0.00009891
164,0.00031385,0.00009899,0.00009879
165,0.00031295,0.00009891,0.00009892
166,0.00031327,0.00009895,0.00009881
167,0.00031384,0.00009905,0.00009896
168,0.00031318,0.00009894,0.00009878
169,0.00034317,0.00009914,0.00009898
170,0.00033190,0.00009909,0.00009880
171,0.00031302,0.00009898,0.00009888
172,0.00031299,0.00009894,0.00009894
173,0.00031372,0.00009916,0.00009896
174,0.00031328,0.00009907,0.00009886
175,0.00032898,0.00009901,0.00009892
176,0.00031290,0.00009899,0.00009887
177,0.00032205,0.00009898,0.00015406
178,0.00031496,0.00009913,0.00009886
179,0.00031268,0.00009899,0.00009888
180,0.00031332,0.00009908,0.00009886
181,0.00034153,0.00009901,0.00009880
182,0.00031366,0.00009899,0.00009888
183,0.00031285,0.00009907,0.00009895
184,0.00032399,0.00009902,0.00009903
185,0.00031371,0.00009907,0.00009894
186,0.00031298,0.00009906,0.00009893
187,0.00031438,0.00009903,0.00009881
188,0.00031448,0.00009918,0.00009889
189,0.00031243,0.00016548,0.00009893
190,0.00031844,0.00009911,0.00009881
191,0.00032404,0.00009907,0.00009890
192,0.00031345,0.00011268,0.00009899
193,0.00031426,0.00009895,0.00009892
194,0.00031311,0.00009899,0.00009891
195,0.00031325,0.00009897,0.00009881
196,0.00031304,0.00009907,0.00009880
197,0.00031313,0.00009899,0.00009894
198,0.00033108,0.00011245,0.00009886
199,0.00031540,0.00009900,0.00009873
200,0.00031384,0.00009906,0.00009881
201,0.00031392,0.00009894,0.00009887
202,0.00031282,0.00009904,0.00009875
203,0.00031306,0.00009899,0.00009886
204,0.00032850,0.00009896,0.00009889
205,0.00032348,0.00009899,0.00009896
206,0.00032495,0.00009594,0.00009582
207,0.00030353,0.00009590,0.00009576
208,0.00030319,0.00009583,0.00009582
209,0.00030367,0.00009611,0.00009575
210,0.00031822,0.00009587,0.00010719
211,0.00032060,0.00009598,0.00009574
212,0.00030358,0.00012888,0.00009576
213,0.00030418,0.00009596,0.00009580
214,0.00030361,0.00009585,0.00009583
215,0.00030389,0.00009598,0.00009584
216,0.00033234,0.00009602,0.00009578
217,0.00030370,0.00009587,0.00009575
218,0.00030364,0.00009595,0.00009579
219,0.00030319,0.00009593,0.00012850
220,0.00037803,0.00009588,0.00009584
221,0.00030402,0.00009589,0.00009572
222,0.00033255,0.00009584,0.00009580
223,0.00030331,0.00009579,0.00009575
224,0.00030334,0.00009590,0.00009581
225,0.00030440,0.00009599,0.00009584
226,0.00030335,0.00009588,0.00009592
227,0.00030522,0.00009595,0.00009578
228,0.00033114,0.00009593,0.00009588
229,0.00030327,0.00009594,0.00009573
230,0.00030335,0.00009598,0.00009580
231,0.00030311,0.00009583,0.00010961
232,0.00031840,0.00011979,0.00009570
233,0.00034145,0.00010854,0.00010783
234,0.00045047,0.00010951,0.00012358
235,0.00033528,0.00009912,0.00009885
236,0.00031331,0.00009902,0.00009899
237,0.00031328,0.00009902,0.00009878
238,0.00031726,0.00009899,0.00009884
239,0.00031308,0.00009897,0.00011217
240,0.00031389,0.00010755,0.00009880
241,0.00031407,0.00009901,0.00009890
242,0.00041010,0.00009908,0.00009888
243,0.00031362,0.00009918,0.00009881
244,0.00031270,0.00009896,0.00009893
245,0.00034361,0.00009891,0.00009892
246,0.00031284,0.00009898,0.00009885
247,0.00033640,0.00011105,0.00009899
248,0.00031325,0.00009903,0.00009879
249,0.00031999,0.00009893,0.00009890
250,0.00031292,0.00009882,0.00009895
251,0.00032850,0.00009903,0.00009885
252,0.00031390,0.00009899,0.00009890
253,0.00031257,0.00009900,0.00009882
254,0.00031232,0.00010707,0.00009892
255,0.00031436,0.00009905,0.00009895
256,0.00031291,0.00009896,0.00009888
257,0.00045790,0.00009890,0.00009888
258,0.00031370,0.00009894,0.00009890
259,0.00031286,0.00009911,0.00009894
260,0.00038746,0.00009895,0.00009896
261,0.00032380,0.00009912,0.00009894
262,0.00031258,0.00011292,0.00009900
263,0.00031399,0.00009896,0.00009886
264,0.00031314,0.00009895,0.00009890
265,0.00031294,0.00009893,0.00009885
266,0.00031345,0.00009887,0.00009886
267,0.00031347,0.00009904,0.00009896
268,0.00032313,0.00011235,0.00009886
269,0.00031447,0.00009891,0.00009894
270,0.00031290,0.00009885,0.00009897
271,0.00031284,0.00009892,0.00009888
272,0.00043619,0.00009905,0.00009886
273,0.00032601,0.00011114,0.00009885
274,0.00038221,0.00012484,0.00009897
275,0.00036373,0.00009901,0.00011199
276,0.00036444,0.00011306,0.00010220
277,0.00033312,0.00009902,0.00009883
278,0.00031282,0.00009896,0.00009881
279,0.00031272,0.00009892,0.00011230
280,0.00031344,0.00009901,0.00009906
281,0.00031265,0.00009898,0.00011436
282,0.00031347,0.00009894,0.00009893
283,0.00039190,0.00009913,0.00009895
284,0.00031337,0.00009899,0.00009887
285,0.00034317,0.00009894,0.00009883
286,0.00031292,0.00009900,0.00009904
287,0.00031280,0.00009918,0.00009890
288,0.00031286,0.00009907,0.00010981
289,0.00031337,0.00009890,0.00009890
290,0.00033827,0.00009909,0.00009883
291,0.00037160,0.00009904,0.00009885
292,0.00035600,0.00009894,0.00009896
293,0.00035613,0.00009915,0.00009886
294,0.00035696,0.00009899,0.00009895
295,0.00034778,0.00009904,0.00009896
296,0.00042157,0.00011233,0.00009877
297,0.00031417,0.00009897,0.00009889
298,0.00031306,0.00009897,0.00009883
299,0.00031345,0.00009889,0.00009885
300,0.00031292,0.00009904,0.00009883
301,0.00031307,0.00009901,0.00009889
302,0.00035274,0.00009891,0.00009879
303,0.00031321,0.00009893,0.00009885
304,0.00031250,0.00009906,0.00009888
305,0.00031260,0.00009895,0.00009877
306,0.00031277,0.00009901,0.00009896
307,0.00031264,0.00009899,0.00009884
308,0.00034295,0.00009912,0.00009882
309,0.00039350,0.00009895,0.00009875
310,0.00031423,0.00009896,0.00009893
311,0.00031944,0.00009905,0.00009886
312,0.00031303,0.00009886,0.00009887
313,0.00031271,0.00009910,0.00009885
314,0.00032645,0.00009889,0.00009895
315,0.00031368,0.00009893,0.00009891
316,0.00032726,0.00009901,0.00009876
317,0.00031284,0.00009907,0.00009886
318,0.00031233,0.00009915,0.00009886
319,0.00031283,0.00009892,0.00009899
320,0.00040290,0.00009902,0.00009890
321,0.00031383,0.00009909,0.00009886
322,0.00031372,0.00009896,0.00009882
323,0.00038959,0.00009907,0.00009889
324,0.00031368,0.00009914,0.00009881
325,0.00031330,0.00011237,0.00009888
326,0.00031412,0.00009894,0.00009889
327,0.00031311,0.00009896,0.00009894
328,0.00031248,0.00009906,0.00009879
329,0.00031317,0.00009904,0.00009889
330,0.00032188,0.00015153,0.00009881
331,0.00034544,0.00009906,0.00009891
332,0.00031354,0.00009902,0.00009889
333,0.00031314,0.00009908,0.00009892
334,0.00031276,0.00009896,0.00009904
335,0.00031257,0.00009896,0.00009886
336,0.00031414,0.00009890,0.00009883
337,0.00034110,0.00009899,0.00009890
338,0.00031327,0.00009908,0.00009883
339,0.00031302,0.00009909,0.00009892
340,0.00031297,0.00009896,0.00009882
341,0.00031300,0.00009902,0.00009878
342,0.00035674,0.00009893,0.00009892
343,0.00032797,0.00009904,0.00009883
344,0.00032516,0.00009896,0.00009879
345,0.00031334,0.00009898,0.00009876
346,0.00031322,0.00009897,0.00009896
347,0.00031319,0.00009903,0.00009877
348,0.00031224,0.00009908,0.00009884
349,0.00036276,0.00009902,0.00009888
350,0.00031491,0.00009904,0.00009891
351,0.00032364,0.00009890,0.00009889
352,0.00031811,0.00009604,0.00009569
353,0.00030429,0.00009592,0.00009578
354,0.00030443,0.00009590,0.00010914
355,0.00030511,0.00009578,0.00009573
356,0.00040227,0.00009607,0.00009574
357,0.00030352,0.00009598,0.00009586
358,0.00074954,0.00009598,0.00009580
359,0.00030486,0.00009590,0.00009583
360,0.00031479,0.00009594,0.00009580
361,0.00030304,0.00009606,0.00009571
362,0.00030339,0.00009585,0.00009587
363,0.00030272,0.00009589,0.00009585
364,0.00030283,0.00012616,0.00009902
365,0.00031410,0.00009899,0.00010915
366,0.00031436,0.00009590,0.00009584
367,0.00034736,0.00009592,0.00009592
368,0.00030307,0.00009583,0.00009584
369,0.00030282,0.00009592,0.00009589
370,0.00030283,0.00009585,0.00010883
371,0.00032284,0.00010429,0.00010888
372,0.00030477,0.00009591,0.00009576
373,0.00030348,0.00009584,0.00009585
374,0.00030349,0.00009584,0.00009581
375,0.00039162,0.00009606,0.00009577
376,0.00031212,0.00009591,0.00009575
377,0.00030288,0.00009593,0.00010863
378,0.00030369,0.00011648,0.00010812
379,0.00030365,0.00009591,0.00009578
380,0.00030360,0.00009600,0.00009587
381,0.00030321,0.00009588,0.00009579
382,0.00030315,0.00009593,0.00009581
383,0.00030246,0.00012868,0.00013360
384,0.00032007,0.00011024,0.00009570
385,0.00030391,0.00009592,0.00012739
386,0.00030381,0.00009606,0.00009579
387,0.00030351,0.00009582,0.00009574
388,0.00030367,0.00009594,0.00009587
389,0.00030335,0.00010901,0.00009568
390,0.00030497,0.00009592,0.00009579
391,0.00030343,0.00009577,0.00009584
392,0.00041498,0.00009604,0.00012208
393,0.00030487,0.00009579,0.00009585
394,0.00030323,0.00009585,0.00009577
395,0.00031718,0.00009593,0.00009580
396,0.00030359,0.00009589,0.00009568
397,0.00030293,0.00009590,0.00009574
398,0.00030287,0.00009597,0.00009585
399,0.00030306,0.00009586,0.00009565
400,0.00033678,0.00009583,0.00009577
401,0.00030314,0.00012828,0.00010727
402,0.00030439,0.00009595,0.00009573
403,0.00030348,0.00009590,0.00009573
404,0.00038733,0.00009588,0.00009582
405,0.00033508,0.00009593,0.00009575
406,0.00030312,0.00009589,0.00009572
407,0.00036770,0.00009602,0.00009569
408,0.00030350,0.00009580,0.00009578
409,0.00030307,0.00009585,0.00009572
410,0.00030275,0.00009599,0.00009589
411,0.00033014,0.00009587,0.00009583
412,0.00030304,0.00009587,0.00009570
413,0.00033196,0.00009588,0.00016444
414,0.00035631,0.00009595,0.00009582
415,0.00030309,0.00009593,0.00009580
416,0.00030301,0.00009591,0.00009577
417,0.00030313,0.00009594,0.00009577
418,0.00030291,0.00009586,0.00009581
419,0.00034604,0.00009593,0.00009584
420,0.00030342,0.00009575,0.00009581
421,0.00034319,0.00009893,0.00009898
422,0.00031362,0.00010804,0.00009576
423,0.00030288,0.00009588,0.00009584
424,0.00033467,0.00009593,0.00009578
425,0.00036411,0.00009595,0.00009581
426,0.00030267,0.00009595,0.00009573
427,0.00030231,0.00009592,0.00009580
428,0.00031917,0.00009600,0.00009575
429,0.00040063,0.00009592,0.00009578
430,0.00030295,0.00009585,0.00009582
431,0.00031879,0.00009594,0.00009581
432,0.00030311,0.00009586,0.00009582
433,0.00030313,0.00009597,0.00009584
434,0.00030254,0.00009584,0.00009585
435,0.00030297,0.00010413,0.00009576
436,0.00030392,0.00009598,0.00009585
437,0.00031584,0.00009598,0.00009575
438,0.00030342,0.00009594,0.00009584
439,0.00030318,0.00009584,0.00015045
440,0.00030539,0.00009584,0.00009575
441,0.00030398,0.00009585,0.00009580
442,0.00030417,0.00009588,0.00010405
443,0.00031621,0.00009596,0.00009572
444,0.00030428,0.00009592,0.00009582
445,0.00046690,0.00012057,0.00009572
446,0.00030520,0.00009585,0.00009585
447,0.00039766,0.00010944,0.00009582
448,0.00031789,0.00009599,0.00009571
449,0.00031483,0.00009595,0.00009574
450,0.00031856,0.00009596,0.00009583
451,0.00030354,0.00009582,0.00009587
452,0.00030335,0.00009592,0.00009589
453,0.00030380,0.00009589,0.00009582
454,0.00030329,0.00010899,0.00009572
455,0.00030414,0.00009587,0.00009583
456,0.00032361,0.00016253,0.00010819
457,0.00030725,0.00009592,0.00009580
458,0.00030476,0.00009589,0.00009577
459,0.00030492,0.00009598,0.00009578
460,0.00033403,0.00009587,0.00009581
461,0.00030483,0.00009587,0.00009578
462,0.00030362,0.00009599,0.00009586
463,0.00030319,0.00009584,0.00010404
464,0.00030396,0.00009584,0.00009573
465,0.00030373,0.00009590,0.00009578
466,0.00033255,0.00009595,0.00009574
467,0.00031829,0.00009591,0.00009587
468,0.00036887,0.00009594,0.00009581
469,0.00030500,0.00009577,0.00009580
470,0.00030285,0.00009590,0.00010639
471,0.00030488,0.00009579,0.00009583
472,0.00033339,0.00009580,0.00009581
473,0.00040335,0.00009601,0.00009585
474,0.00030405,0.00009584,0.00009586
475,0.00030302,0.00009596,0.00009574
476,0.00030348,0.00009582,0.00009577
477,0.00030258,0.00009591,0.00009577
478,0.00033193,0.00009891,0.00009894
479,0.00031742,0.00009594,0.00009580
480,0.00030294,0.00009596,0.00009575
481,0.00030312,0.00009589,0.00009575
482,0.00036909,0.00010988,0.00009573
483,0.00030390,0.00009589,0.00009576
484,0.00031634,0.00009595,0.00009576
485,0.00033874,0.00009603,0.00009577
486,0.00030355,0.00009595,0.00009570
487,0.00030297,0.00009580,0.00009581
488,0.00030303,0.00009600,0.00009582
489,0.00030291,0.00009598,0.00009583
490,0.00034282,0.00009590,0.00009585
491,0.00030306,0.00009593,0.00009580
492,0.00033666,0.00009588,0.00009582
493,0.00030266,0.00009588,0.00009579
494,0.00030280,0.00009597,0.00009584
495,0.00032831,0.00016338,0.00009893
496,0.00030545,0.00009599,0.00009582
497,0.00030335,0.00009590,0.00009577
498,0.00030319,0.00009588,0.00009577
499,0.00031331,0.00009596,0.00009581
500,0.00030321,0.00009599,0.00009574
501,0.00030287,0.00009585,0.00009582
502,0.00031537,0.00009584,0.00009580
503,0.00030302,0.00009604,0.00009573
504,0.00030352,0.00009581,0.00009587
505,0.00030318,0.00009585,0.00009582
506,0.00030294,0.00010363,0.00009585
507,0.00030338,0.00009583,0.00009567
508,0.00034175,0.00009579,0.00009563
509,0.00030295,0.00009586,0.00009584
510,0.00030341,0.00009589,0.00009579
511,0.00030327,0.00009590,0.00009587
512,0.00030292,0.00009599,0.00009577
513,0.00030282,0.00009590,0.00009583
514,0.00033272,0.00009594,0.00009578
515,0.00030280,0.00009586,0.00009587
516,0.00030311,0.00009594,0.00009585
517,0.00030287,0.00009595,0.00009573
518,0.00030293,0.00009585,0.00009577
519,0.00036833,0.00010768,0.00009577
520,0.00031609,0.00009585,0.00009584
521,0.00034837,0.00009595,0.00009573
522,0.00030302,0.00009584,0.00009575
523,0.00030230,0.00009593,0.00009583
524,0.00031771,0.00009587,0.00009579
525,0.00030308,0.00009591,0.00009587
526,0.00031497,0.00009582,0.00009578
527,0.00030324,0.00009584,0.00009572
528,0.00031007,0.00009586,0.00009561
529,0.00030315,0.00009598,0.00009581
530,0.00030286,0.00009595,0.00009585
531,0.00030305,0.00009591,0.00009577
532,0.00033110,0.00009593,0.00009575
533,0.00030407,0.00009584,0.00009577
534,0.00030283,0.00009596,0.00009579
535,0.00030330,0.00011856,0.00009881
536,0.00031437,0.00009899,0.00010777
537,0.00030287,0.00009596,0.00009577
538,0.00034630,0.00009602,0.00009579
539,0.00040093,0.00010737,0.00009580
540,0.00030346,0.00009591,0.00009580
541,0.00030248,0.00009593,0.00009569
542,0.00030288,0.00011224,0.00009587
543,0.00030375,0.00009593,0.00009584
544,0.00031512,0.00009592,0.00009582
545,0.00030383,0.00009592,0.00009587
546,0.00030273,0.00009602,0.00009570
547,0.00030321,0.00009588,0.00009582
548,0.00030250,0.00009597,0.00009584
549,0.00030326,0.00009595,0.00010387
550,0.00034350,0.00009593,0.00009586
551,0.00030350,0.00009593,0.00009574
552,0.00030305,0.00009591,0.00009569
553,0.00030324,0.00009597,0.00009580
554,0.00030354,0.00009586,0.00009575
555,0.00030341,0.00009580,0.00009579
556,0.00031890,0.00009585,0.00009579
557,0.00039876,0.00009589,0.00009576
558,0.00030339,0.00009580,0.00009585
559,0.00030295,0.00009597,0.00009585
560,0.00030346,0.00009586,0.00009584
561,0.00030315,0.00009593,0.00009574
562,0.00031750,0.00009595,0.00009587
563,0.00032119,0.00009596,0.00009568
564,0.00031032,0.00009600,0.00009590
565,0.00039044,0.00010820,0.00009583
566,0.00030412,0.00009591,0.00009581
567,0.00030349,0.00009595,0.00009580
568,0.00030652,0.00009589,0.00009580
569,0.00030453,0.00009600,0.00009576
570,0.00030292,0.00009584,0.00009584
571,0.00032029,0.00009594,0.00009578
572,0.00030323,0.00009602,0.00009576
573,0.00030329,0.00009582,0.00009570
574,0.00030319,0.00009588,0.00009578
575,0.00030367,0.00009582,0.00009578
576,0.00030391,0.00009591,0.00009583
577,0.00030342,0.00009594,0.00009573
578,0.00030337,0.00010397,0.00009575
579,0.00030461,0.00009590,0.00009583
580,0.00031649,0.00009581,0.00009590
581,0.00030361,0.00009602,0.00009581
582,0.00030306,0.00009587,0.00009589
583,0.00030341,0.00009588,0.00009567
584,0.00032874,0.00009579,0.00009580
585,0.00030305,0.00009592,0.00010340
586,0.00031738,0.00009587,0.00009577
587,0.00030419,0.00009575,0.00009576
588,0.00030387,0.00009590,0.00009578
589,0.00030328,0.00009601,0.00009578
590,0.00038920,0.00009901,0.00010806
591,0.00030346,0.00009591,0.00009581
592,0.00031636,0.00009596,0.00009575
593,0.00031538,0.00009899,0.00009897
594,0.00031737,0.00009605,0.00009574
595,0.00030291,0.00009590,0.00009582
596,0.00030293,0.00009592,0.00009579
597,0.00030314,0.00009594,0.00009579
598,0.00034441,0.00009584,0.00009579
599,0.00030254,0.00009585,0.00009573
600,0.00034558,0.00009587,0.00009571
601,0.00040241,0.00009580,0.00009575
602,0.00030355,0.00009611,0.00009582
603,0.00030310,0.00009619,0.00010886
604,0.00030406,0.00009588,0.00009580
605,0.00030215,0.00009580,0.00009569
606,0.00030352,0.00009598,0.00009581
607,0.00033611,0.00009591,0.00009587
608,0.00030302,0.00009584,0.00009577
609,0.00030281,0.00009589,0.00009579
610,0.00042185,0.00009588,0.00009581
611,0.00030399,0.00009589,0.00009569
612,0.00030290,0.00009593,0.00009573
613,0.00030342,0.00009592,0.00009583
614,0.00031222,0.00009580,0.00009578
615,0.00030328,0.00009592,0.00010870
616,0.00030349,0.00009589,0.00009586
617,0.00030276,0.00009599,0.00009586
618,0.00030323,0.00009594,0.00009572
619,0.00030314,0.00009588,0.00009582
620,0.00030333,0.00009603,0.00009568
621,0.00030247,0.00010376,0.00010852
622,0.00040381,0.00009585,0.00009574
623,0.00030359,0.00009596,0.00009582
624,0.00030237,0.00009598,0.00009575
625,0.00030226,0.00009596,0.00009572
626,0.00030316,0.00009586,0.00009579
627,0.00030264,0.00009601,0.00010864
628,0.00030401,0.00009594,0.00011092
629,0.00031156,0.00009589,0.00009590
630,0.00030310,0.00009585,0.00009573
631,0.00030295,0.00009593,0.00009563
632,0.00039202,0.00010766,0.00009582
633,0.00030328,0.00010908,0.00009583
634,0.00030384,0.00009584,0.00009584
635,0.00030300,0.00009601,0.00009573
636,0.00030420,0.00009594,0.00009575
637,0.00030258,0.00009599,0.00009572
638,0.00030278,0.00009584,0.00010825
639,0.00032093,0.00012088,0.00010902
640,0.00030430,0.00009585,0.00009576
641,0.00030260,0.00016135,0.00010740
642,0.00031134,0.00009593,0.00009579
643,0.00030437,0.00009591,0.00009585
644,0.00030315,0.00009602,0.00009582
645,0.00030262,0.00010865,0.00015925
646,0.00035898,0.00009591,0.00009577
647,0.00030316,0.00009588,0.00009579
648,0.00030264,0.00009593,0.00009583
649,0.00030297,0.00009604,0.00009571
650,0.00034278,0.00009916,0.00009888
651,0.00047469,0.00009589,0.00009584
652,0.00030398,0.00009585,0.00009581
653,0.00030378,0.00009587,0.00009586
654,0.00030304,0.00009584,0.00009570
655,0.00030739,0.00009602,0.00009571
656,0.00030313,0.00009579,0.00009592
657,0.00035842,0.00009906,0.00015508
658,0.00031876,0.00009596,0.00009585
659,0.00030339,0.00009587,0.00009574
660,0.00030296,0.00009600,0.00009575
661,0.00030249,0.00009591,0.00009582
662,0.00030349,0.00009592,0.00009583
663,0.00033289,0.00009590,0.00009580
664,0.00031350,0.00009596,0.00009582
665,0.00030325,0.00009583,0.00009581
666,0.00030336,0.00009603,0.00009580
667,0.00030321,0.00009584,0.00009577
668,0.00030358,0.00009595,0.00009580
669,0.00034359,0.00009596,0.00009579
670,0.00030297,0.00009582,0.00009580
671,0.00033514,0.00009601,0.00009584
672,0.00030309,0.00009597,0.00009571
673,0.00030354,0.00009608,0.00009573
674,0.00030355,0.00009588,0.00009581
675,0.00033295,0.00009602,0.00009584
676,0.00030345,0.00009595,0.00009583
677,0.00030280,0.00009601,0.00009585
678,0.00031532,0.00019378,0.00011027
679,0.00033468,0.00009597,0.00009573
680,0.00030386,0.00009587,0.00009570
681,0.00031746,0.00009599,0.00009569
682,0.00030366,0.00009595,0.00009586
683,0.00030289,0.00009589,0.00009577
684,0.00030251,0.00009601,0.00009588
685,0.00030280,0.00012896,0.00009575
686,0.00030399,0.00009596,0.00009568
687,0.00031654,0.00009593,0.00009574
688,0.00031667,0.00010861,0.00009573
689,0.00039831,0.00009595,0.00009577
690,0.00030354,0.00009590,0.00009581
691,0.00030314,0.00009605,0.00009578
692,0.00030285,0.00010355,0.00010865
693,0.00030458,0.00009597,0.00009576
694,0.00031324,0.00009595,0.00009571
695,0.00030238,0.00009597,0.00009580
696,0.00030292,0.00009594,0.00009571
697,0.00030263,0.00009590,0.00009582
698,0.00030260,0.00009603,0.00009572
699,0.00030352,0.00009595,0.00009589
700,0.00030405,0.00009585,0.00009579
701,0.00030240,0.00009598,0.00009585
702,0.00030248,0.00009602,0.00009578
703,0.00030291,0.00009584,0.00009578
704,0.00030255,0.00015031,0.00009586
705,0.00030407,0.00009595,0.00009585
706,0.00030358,0.00009584,0.00009587
707,0.00033473,0.00009898,0.00009883
708,0.00032147,0.00009586,0.00009586
709,0.00030334,0.00009576,0.00009574
710,0.00030317,0.00009589,0.00009568
711,0.00030258,0.00009585,0.00009577
712,0.00030305,0.00009588,0.00009576
713,0.00030329,0.00009592,0.00009580
714,0.00031963,0.00009592,0.00009585
715,0.00030318,0.00009597,0.00009575
716,0.00030338,0.00009585,0.00009582
717,0.00034412,0.00009600,0.00009579
718,0.00030307,0.00009592,0.00009579
719,0.00030299,0.00009587,0.00009574
720,0.00030312,0.00009581,0.00009583
721,0.00030262,0.00010348,0.00009589
722,0.00030463,0.00009586,0.00009573
723,0.00031448,0.00009586,0.00009577
724,0.00030346,0.00009592,0.00009584
725,0.00030300,0.00009584,0.00009575
726,0.00035162,0.00009596,0.00009574
727,0.00030295,0.00009593,0.00009593
728,0.00030266,0.00009587,0.00010349
729,0.00030505,0.00009587,0.00009577
730,0.00030265,0.00009581,0.00009583
731,0.00030236,0.00009593,0.00009580
732,0.00030346,0.00009599,0.00009584
733,0.00030356,0.00009584,0.00009581
734,0.00030265,0.00009589,0.00009582
735,0.00031518,0.00009593,0.00014940
736,0.00032882,0.00009592,0.00009576
737,0.00030347,0.00009590,0.00009583
738,0.00030228,0.00009588,0.00009574
739,0.00030291,0.00009598,0.00009576
740,0.00030392,0.00009586,0.00009577
741,0.00031601,0.00009598,0.00009577
742,0.00032479,0.00010900,0.00009584
743,0.00032453,0.00009584,0.00009582
744,0.00030369,0.00009585,0.00014898
745,0.00031108,0.00009598,0.00009577
746,0.00030278,0.00009595,0.00009587
747,0.00030416,0.00009593,0.00009577
748,0.00030293,0.00009593,0.00009584
749,0.00030377,0.00009588,0.00009582
750,0.00031331,0.00009590,0.00009590
751,0.00030317,0.00009581,0.00009573
752,0.00030352,0.00009598,0.00009590
753,0.00031702,0.00009598,0.00009573
754,0.00030326,0.00009583,0.00009577
755,0.00030324,0.00009587,0.00009582
756,0.00030251,0.00009593,0.00009588
757,0.00030235,0.00010347,0.00009575
758,0.00030335,0.00009589,0.00009583
759,0.00031495,0.00009587,0.00009581
760,0.00033059,0.00009593,0.00009581
761,0.00030309,0.00009591,0.00009579
762,0.00030300,0.00009586,0.00009583
763,0.00032070,0.00010759,0.00009581
764,0.00030345,0.00009595,0.00011648
765,0.00032668,0.00009905,0.00009884
766,0.00031758,0.00009590,0.00009582
767,0.00030287,0.00009592,0.00009583
768,0.00030312,0.00009595,0.00009578
769,0.00030307,0.00009595,0.00009587
770,0.00030260,0.00009580,0.00009569
771,0.00034162,0.00009594,0.00009581
772,0.00031806,0.00009590,0.00009579
773,0.00030310,0.00009589,0.00009571
774,0.00030266,0.00009589,0.00009574
775,0.00042498,0.00010908,0.00009877
776,0.00031125,0.00009591,0.00010875
777,0.00030565,0.00009586,0.00009573
778,0.00030484,0.00009588,0.00009589
779,0.00031345,0.00009586,0.00009580
780,0.00030523,0.00009589,0.00009576
781,0.00030422,0.00009602,0.00011004
782,0.00030425,0.00009584,0.00009571
783,0.00032580,0.00009587,0.00009585
784,0.00030329,0.00009599,0.00009575
785,0.00030329,0.00009582,0.00009576
786,0.00038975,0.00009594,0.00009578
787,0.00030367,0.00009593,0.00009582
788,0.00030347,0.00009603,0.00010884
789,0.00030435,0.00009574,0.00009575
790,0.00030317,0.00009593,0.00009584
791,0.00030345,0.00009583,0.00009582
792,0.00030306,0.00009593,0.00009580
793,0.00031303,0.00009611,0.00009582
794,0.00030325,0.00009591,0.00009567
795,0.00030482,0.00009587,0.00009581
796,0.00030310,0.00009595,0.00009580
797,0.00030287,0.00009604,0.00009597
798,0.00030336,0.00009584,0.00009578
799,0.00030331,0.00009591,0.00009575
800,0.00030371,0.00009597,0.00011133
801,0.00034346,0.00009588,0.00009573
802,0.00030418,0.00009589,0.00009582
803,0.00030317,0.00009589,0.00009573
804,0.00030294,0.00009590,0.00009581
805,0.00030279,0.00009594,0.00009583
806,0.00030327,0.00009583,0.00009586
807,0.00031558,0.00009591,0.00009583
808,0.00031247,0.00009596,0.00009582
809,0.00030324,0.00009592,0.00009582
810,0.00030279,0.00009587,0.00009576
811,0.00030346,0.00009597,0.00009582
812,0.00030345,0.00009598,0.00009579
813,0.00031904,0.00009596,0.00009581
814,0.00030339,0.00009595,0.00009581
815,0.00031268,0.00009577,0.00009572
816,0.00030286,0.00009599,0.00019266
817,0.00030623,0.00009592,0.00009581
818,0.00030462,0.00009604,0.00009580
819,0.00031786,0.00009592,0.00009582
820,0.00030353,0.00009585,0.00009577
821,0.00030266,0.00009606,0.00009579
822,0.00032545,0.00009905,0.00015987
823,0.00032493,0.00009600,0.00009579
824,0.00030356,0.00009598,0.00009573
825,0.00030348,0.00009598,0.00009578
826,0.00031697,0.00009592,0.00009578
827,0.00030260,0.00009597,0.00009585
828,0.00030282,0.00009587,0.00009589
829,0.00030305,0.00011078,0.00009575
830,0.00030418,0.00009601,0.00009578
831,0.00034143,0.00009590,0.00009578
832,0.00030305,0.00009598,0.00009580
833,0.00030272,0.00009597,0.00009590
834,0.00030252,0.00009591,0.00009575
835,0.00030293,0.00009590,0.00009586
836,0.00030284,0.00009599,0.00010361
837,0.00031667,0.00009591,0.00009577
838,0.00030337,0.00009587,0.00009573
839,0.00030350,0.00009590,0.00009586
840,0.00030284,0.00009587,0.00009579
841,0.00030258,0.00009592,0.00009580
842,0.00030305,0.00009592,0.00009577
843,0.00033174,0.00009578,0.00009579
844,0.00031005,0.00009587,0.00009580
845,0.00030271,0.00009594,0.00009576
846,0.00030264,0.00009582,0.00009579
847,0.00030293,0.00009601,0.00009586
848,0.00030266,0.00009582,0.00009582
849,0.00050968,0.00009585,0.00015192
850,0.00030630,0.00009591,0.00009579
851,0.00031183,0.00009598,0.00009578
852,0.00030319,0.00011078,0.00009901
853,0.00030325,0.00009595,0.00009585
854,0.00030342,0.00009584,0.00010850
855,0.00030380,0.00009584,0.00010802
856,0.00031996,0.00009580,0.00009574
857,0.00030396,0.00009592,0.00009587
858,0.00031201,0.00009596,0.00009571
859,0.00032195,0.00010852,0.00009578
860,0.00030325,0.00009599,0.00010843
861,0.00033128,0.00009588,0.00009574
862,0.00031279,0.00009581,0.00009577
863,0.00030280,0.00009595,0.00009592
864,0.00030308,0.00009600,0.00009586
865,0.00032002,0.00009590,0.00010745
866,0.00031739,0.00009594,0.00010870
867,0.00030354,0.00009588,0.00009584
868,0.00030267,0.00009598,0.00009582
869,0.00030327,0.00009587,0.00009587
870,0.00030289,0.00009580,0.00009576
871,0.00030336,0.00009598,0.00009587
872,0.00030272,0.00011732,0.00011267
873,0.00031959,0.00009579,0.00009580
874,0.00032496,0.00009581,0.00009576
875,0.00033250,0.00009600,0.00009573
876,0.00033243,0.00009590,0.00009580
877,0.00033171,0.00009587,0.00009579
878,0.00033565,0.00009588,0.00010859
879,0.00033195,0.00011724,0.00009879
880,0.00031392,0.00009905,0.00010917
881,0.00033162,0.00009589,0.00009580
882,0.00033058,0.00009591,0.00009590
883,0.00033025,0.00009595,0.00009577
884,0.00034256,0.00009589,0.00009583
885,0.00032383,0.00009914,0.00009874
886,0.00031265,0.00010624,0.00009893
887,0.00031404,0.00009886,0.00009883
888,0.00031315,0.00009898,0.00009897
889,0.00031338,0.00009888,0.00029905
890,0.00033019,0.00009899,0.00009896
891,0.00031362,0.00009917,0.00009879
892,0.00031270,0.00009910,0.00009904
893,0.00032909,0.00009909,0.00009875
894,0.00031229,0.00009914,0.00009886
895,0.00031289,0.00009898,0.00009892
896,0.00034670,0.00009588,0.00009591
897,0.00033550,0.00010660,0.00009878
898,0.00031397,0.00009907,0.00009886
899,0.00031257,0.00009902,0.00009887
900,0.00032215,0.00009885,0.00009879
901,0.00031315,0.00011310,0.00009888
902,0.00031373,0.00009911,0.00009897
903,0.00031991,0.00009896,0.00009883
904,0.00040114,0.00009897,0.00009889
905,0.00031358,0.00009892,0.00009894
906,0.00031266,0.00009912,0.00009884
907,0.00036245,0.00009899,0.00009884
908,0.00031315,0.00009891,0.00009875
909,0.00031269,0.00009914,0.00009889
910,0.00031275,0.00009909,0.00009888
911,0.00031280,0.00009901,0.00009883
912,0.00031364,0.00009898,0.00009887
913,0.00034231,0.00009894,0.00009893
914,0.00032848,0.00009909,0.00009895
915,0.00031258,0.00009901,0.00009890
916,0.00031245,0.00009903,0.00009883
917,0.00031150,0.00009921,0.00009887
918,0.00031264,0.00009893,0.00009884
919,0.00034785,0.00009904,0.00009890
920,0.00031238,0.00011155,0.00011580
921,0.00032251,0.00009909,0.00009898
922,0.00031351,0.00009911,0.00009892
923,0.00032000,0.00009897,0.00009888
924,0.00031263,0.00009904,0.00009884
925,0.00032573,0.00009880,0.00009894
926,0.00031285,0.00009897,0.00009881
927,0.00031303,0.00009893,0.00009893
928,0.00032064,0.00009901,0.00009888
929,0.00031248,0.00009897,0.00009897
930,0.00031276,0.00009903,0.00009883
931,0.00031703,0.00009899,0.00009876
932,0.00038683,0.00009893,0.00009880
933,0.00031284,0.00009885,0.00009881
934,0.00031273,0.00009895,0.00009894
935,0.00032358,0.00009904,0.00009892
936,0.00034330,0.00009892,0.00009879
937,0.00031382,0.00009893,0.00009878
938,0.00031272,0.00009912,0.00009891
939,0.00031268,0.00009892,0.00009894
940,0.00031256,0.00009894,0.00011279
941,0.00031286,0.00009891,0.00009886
942,0.00035209,0.00009903,0.00009891
943,0.00031738,0.00009904,0.00009886
944,0.00031430,0.00009883,0.00009883
945,0.00031451,0.00009895,0.00009895
946,0.00031373,0.00009898,0.00009895
947,0.00031381,0.00009903,0.00009895
948,0.00032701,0.00009900,0.00009894
949,0.00032451,0.00009895,0.00009886
950,0.00031464,0.00009894,0.00009885
951,0.00031456,0.00015290,0.00009891
952,0.00031652,0.00009915,0.00009893
953,0.00031268,0.00009901,0.00015204
954,0.00031452,0.00009900,0.00009885
955,0.00031300,0.00009897,0.00009884
956,0.00031375,0.00009890,0.00009890
957,0.00031309,0.00009907,0.00009882
958,0.00031855,0.00009897,0.00009884
959,0.00031271,0.00011198,0.00009888
960,0.00031355,0.00009906,0.00009891
961,0.00031277,0.00009896,0.00009886
962,0.00031301,0.00009910,0.00009884
963,0.00032161,0.00009902,0.00009887
964,0.00031306,0.00009898,0.00009894
965,0.00031309,0.00011200,0.00009888
966,0.00031375,0.00009895,0.00009886
967,0.00031355,0.00009897,0.00009888
968,0.00031262,0.00009898,0.00009886
969,0.00031295,0.00009896,0.00009881
970,0.00032307,0.00009900,0.00009893
971,0.00032630,0.00009913,0.00009889
972,0.00031307,0.00009904,0.00015980
973,0.00031568,0.00009905,0.00009890
974,0.00031298,0.00009894,0.00009895
975,0.00039841,0.00009909,0.00009887
976,0.00031447,0.00009902,0.00009882
977,0.00033075,0.00009896,0.00009883
978,0.00031293,0.00009896,0.00009889
979,0.00031250,0.00009895,0.00009884
980,0.00031188,0.00009907,0.00009888
981,0.00031259,0.00009895,0.00009888
982,0.00036400,0.00009899,0.00009886
983,0.00032624,0.00009898,0.00009885
984,0.00031437,0.00009906,0.00009896
985,0.00031331,0.00009901,0.00009884
986,0.00031290,0.00009900,0.00009882
987,0.00031302,0.00009890,0.00009890
988,0.00031286,0.00009902,0.00011195
989,0.00031327,0.00009900,0.00009887
990,0.00031935,0.00009576,0.00009580
991,0.00045734,0.00009909,0.00009883
992,0.00031871,0.00009594,0.00009573
993,0.00031904,0.00009596,0.00009578
994,0.00036048,0.00009906,0.00009885
995,0.00031340,0.00009587,0.00009588
996,0.00031718,0.00009594,0.00009585
997,0.00031718,0.00009606,0.00013916
998,0.00036825,0.00009892,0.00009878
999,0.00031295,0.00009904,0.00009891
